sense_id	pos	def	vi_gloss	example	example_vi	note
centimeter_s1	n	a unit of length equal to one hundredth of a meter	xen-ti-mét	The shelf is sixty centimeters wide.	Chiếc kệ rộng sáu mươi xen-ti-mét.	owner 1C batch27 [keep-gloss]
comfortably_s1	adv	in a relaxed way without discomfort	một cách thoải mái	The guests sat comfortably while waiting for dinner.	Khách ngồi thoải mái trong khi chờ bữa tối.	owner 1C batch27 [keep-gloss]
contraction_s1	n	a shortening of a word or a tightening of muscles	dạng viết tắt, sự co thắt	The contraction I'm means I am.	The contraction I'm có nghĩa là I am.	owner 1C batch27 [keep-gloss]
cookbook_s1	n	a book containing recipes and cooking instructions	sách dạy nấu ăn	My aunt gave me a cookbook full of simple recipes.	Dì tôi tặng tôi một cuốn sách dạy nấu ăn có nhiều công thức đơn giản.	owner 1C batch27 [keep-gloss]
embed_s1	v	to fix something firmly inside another thing	nhúng, gắn vào	The designer embedded a map in the webpage.	Nhà thiết kế nhúng bản đồ vào trang web.	owner 1C batch27 [keep-gloss]
evacuate_s1	v	to move people away from danger to a safe place	sơ tán	Officials told residents to evacuate before the storm arrived.	Quan chức yêu cầu người dân sơ tán trước khi bão đến.	owner 1C batch27 [keep-gloss]
expedite_s1	v	to make a process happen faster	đẩy nhanh	Please expedite the delivery because the order is urgent.	Vui lòng đẩy nhanh việc giao hàng vì đơn rất gấp.	owner 1C batch27 [keep-gloss]
extinguisher_s1	n	a device used to put out a fire	bình chữa cháy	The fire extinguisher hangs beside the kitchen door.	Bình chữa cháy treo cạnh cửa bếp.	owner 1C batch27 [keep-gloss]
familiarity_s1	n	knowledge of something gained through experience	sự quen thuộc	Familiarity with spreadsheets is useful for this job.	Sự quen thuộc với bảng tính hữu ích cho công việc này.	owner 1C batch27 [keep-gloss]
fluctuate_s1	v	to change often between higher and lower levels	dao động, biến động	Fuel prices fluctuate throughout the year.	Giá nhiên liệu biến động suốt cả năm.	owner 1C batch27 [keep-gloss]
honestly_s1	adv	in a truthful and direct way	thành thật mà nói	Honestly, I cannot finish the report before Friday.	Thành thật mà nói, tôi không thể hoàn thành báo cáo trước thứ Sáu.	owner 1C batch27 [keep-gloss]
housekeep_s1	v	to clean and manage a home or hotel	giữ gìn nhà cửa, dọn dẹp	She housekeeps for a small hotel near the beach.	Cô ấy dọn dẹp cho một khách sạn nhỏ gần bãi biển.	owner 1C batch27 [keep-gloss]
hurricane_s1	n	a very powerful storm with strong winds	bão lớn, bão cuồng phong	The hurricane damaged roads along the coast.	Cơn bão lớn làm hư hỏng các con đường ven biển.	owner 1C batch27 [keep-gloss]
hygiene_s1	n	practices that protect health through cleanliness	vệ sinh	Good hand hygiene helps prevent the spread of illness.	Vệ sinh tay tốt giúp ngăn bệnh lây lan.	owner 1C batch27 [keep-gloss]
integral_s1	adj	necessary and important as part of a whole	thiết yếu, không thể thiếu	Trust is integral to a successful working relationship.	Niềm tin là yếu tố thiết yếu của quan hệ làm việc thành công.	owner 1C batch27 [keep-gloss]
interactive_s1	adj	allowing people or systems to affect each other	tương tác	The course uses interactive exercises to teach grammar.	Khóa học dùng bài tập tương tác để dạy ngữ pháp.	owner 1C batch27 [keep-gloss]
kilogram_s1	n	a unit of weight equal to one thousand grams	ki-lô-gam	The bag of rice weighs five kilograms.	Túi gạo nặng năm ki-lô-gam.	owner 1C batch27 [keep-gloss]
layoff_s1	n	a situation where workers lose jobs because work decreases	việc cho nghỉ việc	The factory announced a layoff after orders fell.	Nhà máy thông báo một đợt cho nghỉ việc sau khi đơn hàng giảm.	owner 1C batch27 [keep-gloss]
lightweight_s1	adj	not heavy and easy to carry	nhẹ	This lightweight suitcase fits in the overhead compartment.	Chiếc va-li nhẹ này vừa ngăn hành lý phía trên.	owner 1C batch27 [keep-gloss]
necklace_s1	n	a piece of jewelry worn around the neck	vòng cổ	She received a silver necklace for her birthday.	Cô ấy nhận một chiếc vòng cổ bạc vào sinh nhật.	owner 1C batch27 [keep-gloss]
overpay_s1	v	to pay more than the correct amount	trả quá tiền	Check the receipt so you do not overpay for the service.	Hãy kiểm tra hóa đơn để không trả quá tiền dịch vụ.	owner 1C batch27 [keep-gloss]
pamphlet_s1	n	a small booklet giving information about a subject	tờ rơi, sách mỏng	The museum gave visitors a pamphlet about the exhibition.	Bảo tàng phát cho khách tờ giới thiệu về triển lãm.	owner 1C batch27 [keep-gloss]
partial_s1	adj	incomplete or involving only part of something	một phần, không hoàn chỉnh	The payment was only partial because one item was missing.	Khoản thanh toán chỉ một phần vì thiếu một món hàng.	owner 1C batch27 [keep-gloss]
penalize_s1	v	to punish someone for breaking a rule	phạt	The school may penalize students who copy answers.	Trường có thể phạt học sinh chép đáp án.	owner 1C batch27 [keep-gloss]
pollute_s1	v	to make air, water, or land dirty or harmful	làm ô nhiễm	Factories must not pollute the river with untreated waste.	Nhà máy không được làm ô nhiễm sông bằng chất thải chưa xử lý.	owner 1C batch27 [keep-gloss]
prescribe_s1	v	to officially order a medicine or treatment	kê đơn	The doctor prescribed antibiotics for the infection.	Bác sĩ kê thuốc kháng sinh cho nhiễm trùng.	owner 1C batch27 [keep-gloss]
prominent_s1	adj	important, well known, or easy to notice	nổi bật, quan trọng	The hotel has a prominent sign above its entrance.	Khách sạn có biển hiệu nổi bật phía trên lối vào.	owner 1C batch27 [keep-gloss]
rainfall_s1	n	the amount of rain that falls in a place	lượng mưa	Heavy rainfall caused flooding in several streets.	Lượng mưa lớn gây ngập ở một số con phố.	owner 1C batch27 [keep-gloss]
relocation_s1	n	the act of moving to a new place	sự di dời, chuyển địa điểm	The office offered help with relocation to another city.	Văn phòng hỗ trợ việc chuyển đến thành phố khác.	owner 1C batch27 [keep-gloss]
retrieve_s1	v	to find and bring back something	lấy lại, truy xuất	The app can retrieve your saved progress quickly.	Ứng dụng có thể truy xuất tiến độ đã lưu nhanh chóng.	owner 1C batch27 [keep-gloss]
salespeople_s1	n	people whose work is selling products or services	nhân viên bán hàng	The salespeople answered questions about the new phones.	Nhân viên bán hàng trả lời câu hỏi về điện thoại mới.	owner 1C batch27 [keep-gloss]
sharply_s1	adv	suddenly and by a large amount or degree	một cách mạnh, đột ngột	The temperature fell sharply after sunset.	Nhiệt độ giảm mạnh sau khi mặt trời lặn.	owner 1C batch27 [keep-gloss]
similarity_s1	n	a quality or feature shared by two things	điểm tương đồng	The researcher noticed a similarity between the two results.	Nhà nghiên cứu nhận thấy điểm tương đồng giữa hai kết quả.	owner 1C batch27 [keep-gloss]
someday_s1	adv	at an unknown or unspecified time in the future	một ngày nào đó	I hope to visit that island someday.	Tôi hy vọng một ngày nào đó sẽ thăm hòn đảo ấy.	owner 1C batch27 [keep-gloss]
spectator_s1	n	a person who watches an event or activity	khán giả, người xem	Every spectator received a program at the stadium entrance.	Mỗi khán giả nhận một chương trình ở lối vào sân vận động.	owner 1C batch27 [keep-gloss]
stereo_s1	n	a system for playing recorded music	dàn âm thanh	The hotel room has a small stereo beside the television.	Phòng khách sạn có dàn âm thanh nhỏ cạnh tivi.	owner 1C batch27 [keep-gloss]
storeroom_s1	n	a room used for storing goods or equipment	phòng kho	Extra chairs are kept in the storeroom behind reception.	Ghế phụ được cất trong phòng kho phía sau quầy lễ tân.	owner 1C batch27 [keep-gloss]
subsidize_s1	v	to help pay for something with public or private money	trợ cấp	The city subsidizes bus fares for older residents.	Thành phố trợ cấp giá vé xe buýt cho người lớn tuổi.	owner 1C batch27 [keep-gloss]
tasty_s1	adj	having a pleasant flavor	ngon	The soup was simple but surprisingly tasty.	Món súp đơn giản nhưng ngon hơn mong đợi.	owner 1C batch27 [keep-gloss]
terrific_s1	adj	very good, enjoyable, or impressive	tuyệt vời	We had a terrific time at the music festival.	Chúng tôi đã có khoảng thời gian tuyệt vời ở lễ hội âm nhạc.	owner 1C batch27 [keep-gloss]
underground_s1	adj	below the surface of the ground	ngầm, dưới lòng đất	The underground station is closed for repairs today.	Ga tàu điện ngầm đóng cửa sửa chữa hôm nay.	owner 1C batch27 [keep-gloss]
unpaid_s1	adj	not receiving payment or not yet paid	chưa trả tiền, không được trả lương	The unpaid invoice was sent to the accounts department.	Hóa đơn chưa thanh toán được gửi đến phòng kế toán.	owner 1C batch27 [keep-gloss]
volleyball_s1	n	a game in which teams hit a ball over a high net	bóng chuyền	Our class plays volleyball in the gym on Fridays.	Lớp chúng tôi chơi bóng chuyền trong nhà thi đấu vào thứ Sáu.	owner 1C batch27 [keep-gloss]
wheelchair_s1	n	a chair with wheels used by someone unable to walk	xe lăn	The building has a ramp for wheelchair users.	Tòa nhà có đường dốc cho người sử dụng xe lăn.	owner 1C batch27 [keep-gloss]
whoever_s1	pron	any person who does or is involved in something	bất cứ ai	Whoever finds the missing key should call reception.	Bất cứ ai tìm thấy chìa khóa bị mất hãy gọi quầy lễ tân.	owner 1C batch27 [keep-gloss]
arc_s1	n	a curved line or part of a circle	cung, đường cong	The rainbow formed a bright arc over the valley.	Cầu vồng tạo thành một cung sáng trên thung lũng.	owner 1C batch27 [keep-gloss]
audition_s1	n	a performance used to select someone for a role	buổi thử vai	She prepared a song for her audition at the theater.	Cô ấy chuẩn bị một bài hát cho buổi thử vai ở nhà hát.	owner 1C batch27 [keep-gloss]
ballroom_s1	n	a large room designed for dancing	phòng khiêu vũ	The hotel ballroom can hold three hundred guests.	Phòng khiêu vũ của khách sạn có thể chứa ba trăm khách.	owner 1C batch27 [keep-gloss]
beneficial_s1	adj	producing a helpful or positive result	có lợi	Regular walking is beneficial for heart health.	Đi bộ đều đặn có lợi cho sức khỏe tim mạch.	owner 1C batch27 [keep-gloss]
biography_s1	n	a book or account of someone's life	tiểu sử	I borrowed a biography of the scientist from the library.	Tôi mượn một cuốn tiểu sử nhà khoa học từ thư viện.	owner 1C batch27 [keep-gloss]
bound_s1	adj	going toward a particular place	đang đi đến	The train is bound for the northern coast.	Chuyến tàu đang đi về bờ biển phía bắc.	owner 1C batch27 [keep-gloss]
cheeseburger_s1	n	a hamburger served with cheese	bánh hamburger phô mai	He ordered a cheeseburger without onions.	Anh ấy gọi hamburger phô mai không có hành.	owner 1C batch27 [keep-gloss]
chilly_s1	adj	uncomfortably cold	lạnh	It was chilly outside, so I wore a jacket.	Bên ngoài lạnh nên tôi mặc áo khoác.	owner 1C batch27 [keep-gloss]
circus_s1	n	a traveling show with performers and animals	rạp xiếc	The circus arrived in town during the school holiday.	Rạp xiếc đến thành phố trong kỳ nghỉ học.	owner 1C batch27 [keep-gloss]
consignment_s1	n	goods sent to someone to sell or deliver	lô hàng ký gửi	The shop received a new consignment of summer clothes.	Cửa hàng nhận một lô quần áo mùa hè mới.	owner 1C batch27 [keep-gloss]
continental_s1	adj	relating to a continent or mainland	thuộc lục địa	The hotel serves a continental breakfast with bread and fruit.	Khách sạn phục vụ bữa sáng kiểu lục địa với bánh mì và trái cây.	owner 1C batch27 [keep-gloss]
copyright_s1	n	the legal right to control copying of creative work	bản quyền	The article is protected by copyright and cannot be copied.	Bài viết được bảo vệ bản quyền và không được sao chép.	owner 1C batch27 [keep-gloss]
countryside_s1	n	land outside towns and cities	vùng nông thôn	We spent the weekend walking through the countryside.	Chúng tôi dành cuối tuần đi bộ qua vùng nông thôn.	owner 1C batch27 [keep-gloss]
departmental_s1	adj	relating to one department in an organization	thuộc phòng ban	The manager held a departmental meeting on Monday.	Quản lý tổ chức cuộc họp phòng ban vào thứ Hai.	owner 1C batch27 [keep-gloss]
devastate_s1	v	to damage a place or person severely	tàn phá, làm suy sụp	The flood devastated farms along the river.	Lũ lụt tàn phá các trang trại ven sông.	owner 1C batch27 [keep-gloss]
diagnostic_s1	adj	used to discover the cause of a problem	thuộc chẩn đoán	The technician ran a diagnostic test on the network.	Kỹ thuật viên chạy bài kiểm tra chẩn đoán mạng.	owner 1C batch27 [keep-gloss]
diagram_s1	n	a simple drawing that explains how something works	sơ đồ	The teacher used a diagram to explain the water cycle.	Giáo viên dùng sơ đồ để giải thích vòng tuần hoàn nước.	owner 1C batch27 [keep-gloss]
disable_s1	v	to stop a device or feature from working	vô hiệu hóa	Disable the alarm before opening the equipment panel.	Vô hiệu hóa báo động trước khi mở bảng thiết bị.	owner 1C batch27 [keep-gloss]
disgust_s1	v	to make someone feel strong dislike	làm ghê tởm	The smell of spoiled food disgusted everyone in the room.	Mùi thức ăn hỏng khiến mọi người trong phòng ghê tởm.	owner 1C batch27 [keep-gloss]
donut_s1	n	a small sweet fried cake, often with a hole	bánh vòng	The bakery sells warm donuts in the morning.	Tiệm bánh bán bánh vòng nóng vào buổi sáng.	owner 1C batch27 [keep-gloss]
doorman_s1	n	a person who opens doors and helps visitors	nhân viên mở cửa	The doorman called a taxi for the elderly guest.	Nhân viên mở cửa gọi taxi cho vị khách lớn tuổi.	owner 1C batch27 [keep-gloss]
electronically_s1	adv	using electronic equipment or communication	bằng phương thức điện tử	Please submit the completed form electronically.	Vui lòng nộp biểu mẫu đã điền bằng phương thức điện tử.	owner 1C batch27 [keep-gloss]
elevate_s1	v	to raise something to a higher level or position	nâng lên	Elevate your leg to reduce swelling after the injury.	Nâng chân lên để giảm sưng sau chấn thương.	owner 1C batch27 [keep-gloss]
enrollment_s1	n	the act of joining a course or school	việc ghi danh	Enrollment for the evening course closes next week.	Việc ghi danh khóa học buổi tối kết thúc vào tuần tới.	owner 1C batch27 [keep-gloss]
euro_s1	n	the currency used by many European countries	đồng euro	The museum ticket costs ten euros for adults.	Vé bảo tàng có giá mười euro cho người lớn.	owner 1C batch27 [keep-gloss]
getaway_s1	n	a short holiday or escape from daily life	chuyến nghỉ ngắn	The couple planned a quiet weekend getaway.	Cặp đôi lên kế hoạch cho chuyến nghỉ cuối tuần yên tĩnh.	owner 1C batch27 [keep-gloss]
gossip_s1	n	personal information or rumors shared about other people	chuyện ngồi lê đôi mách	Office gossip can damage trust between colleagues.	Chuyện đàm tiếu trong văn phòng có thể làm mất niềm tin giữa đồng nghiệp.	owner 1C batch27 [keep-gloss]
hacker_s1	n	a person who gains access to computer systems without permission	tin tặc	The company hired experts to stop a hacker attack.	Công ty thuê chuyên gia để ngăn cuộc tấn công của tin tặc.	owner 1C batch27 [keep-gloss]
hardworking_s1	adj	working with a lot of effort and care	chăm chỉ	The hardworking student finished the project early.	Học sinh chăm chỉ hoàn thành dự án sớm.	owner 1C batch27 [keep-gloss]
indirect_s1	adj	not expressed or done in a direct way	gián tiếp	The message was an indirect request for more information.	Thông điệp là một yêu cầu gián tiếp xin thêm thông tin.	owner 1C batch27 [keep-gloss]
interpreter_s1	n	a person who translates spoken language	phiên dịch viên	The interpreter translated the speech for international guests.	Phiên dịch viên dịch bài phát biểu cho khách quốc tế.	owner 1C batch27 [keep-gloss]
intersection_s1	n	a place where roads cross each other	ngã tư, giao lộ	Turn left at the next intersection after the bridge.	Rẽ trái ở giao lộ tiếp theo sau cây cầu.	owner 1C batch27 [keep-gloss]
irrelevant_s1	adj	not connected with the subject or situation	không liên quan	Please remove irrelevant details from the summary.	Vui lòng bỏ các chi tiết không liên quan khỏi bản tóm tắt.	owner 1C batch27 [keep-gloss]
journalism_s1	n	the work of collecting and reporting news	ngành báo chí	She studied journalism and now writes for a local paper.	Cô ấy học báo chí và hiện viết cho một tờ báo địa phương.	owner 1C batch27 [keep-gloss]
letterhead_s1	n	paper with an organization's name and address printed on it	giấy tiêu đề	The letter was printed on official company letterhead.	Bức thư được in trên giấy tiêu đề chính thức của công ty.	owner 1C batch27 [keep-gloss]
lifeguard_s1	n	a person who watches swimmers and rescues people	nhân viên cứu hộ	The lifeguard asked swimmers to leave the pool during lightning.	Nhân viên cứu hộ yêu cầu người bơi rời hồ khi có sét.	owner 1C batch27 [keep-gloss]
modem_s1	n	a device that connects a computer to the internet	bộ điều giải, modem	The modem stopped working after the power cut.	Modem ngừng hoạt động sau khi mất điện.	owner 1C batch27 [keep-gloss]
mosquito_s1	n	a small flying insect that can bite people	muỗi	Use a net to keep mosquitoes away at night.	Hãy dùng màn để tránh muỗi vào ban đêm.	owner 1C batch27 [keep-gloss]
obligate_s1	v	to force someone to do something by rule or agreement	bắt buộc	The contract may obligate the supplier to replace faulty goods.	Hợp đồng có thể buộc nhà cung cấp thay hàng lỗi.	owner 1C batch27 [keep-gloss]
oblige_s1	v	to make someone legally or morally do something	buộc, làm ơn	The rules oblige visitors to show identification at the gate.	Quy định buộc khách phải xuất trình giấy tờ ở cổng.	owner 1C batch27 [keep-gloss]
occurrence_s1	n	an event or fact that happens	sự xảy ra, sự việc	The report records every occurrence of equipment failure.	Báo cáo ghi lại mọi lần thiết bị hỏng.	owner 1C batch27 [keep-gloss]
operational_s1	adj	working correctly and ready for use	đang hoạt động	The airport is fully operational after the storm.	Sân bay hoạt động hoàn toàn sau cơn bão.	owner 1C batch27 [keep-gloss]
outage_s1	n	a period when a service or supply is unavailable	sự cố mất điện, gián đoạn dịch vụ	The internet outage lasted for two hours.	Sự cố mạng kéo dài hai giờ.	owner 1C batch27 [keep-gloss]
overcrowd_s1	v	to fill a place with more people than it can hold	làm quá đông	Too many cars overcrowd the narrow street at noon.	Quá nhiều ô tô làm con phố hẹp quá đông vào buổi trưa.	owner 1C batch27 [keep-gloss]
paralegal_s1	n	a person trained to assist a lawyer	trợ lý pháp lý	The paralegal prepared the documents for the court hearing.	Trợ lý pháp lý chuẩn bị tài liệu cho phiên tòa.	owner 1C batch27 [keep-gloss]
partially_s1	adv	only to some degree or extent	một phần	The road is partially closed because of construction.	Con đường bị đóng một phần vì đang thi công.	owner 1C batch27 [keep-gloss]
pepper_s1	n	a hot or mild spice made from dried berries	hạt tiêu	Add a little pepper to the soup before serving.	Thêm một ít tiêu vào súp trước khi dùng.	owner 1C batch27 [keep-gloss]
permanently_s1	adv	in a way that lasts forever or for a long time	một cách vĩnh viễn	The sign is permanently fixed above the entrance.	Tấm biển được gắn cố định phía trên lối vào.	owner 1C batch27 [keep-gloss]
plow_s1	v	to turn over soil with a machine or tool	cày, xới đất	Farmers plow the field before planting rice.	Nông dân cày ruộng trước khi trồng lúa.	owner 1C batch27 [keep-gloss]
query_s1	n	a question asking for information	câu hỏi, truy vấn	The customer sent a query about the delivery date.	Khách hàng gửi câu hỏi về ngày giao hàng.	owner 1C batch27 [keep-gloss]
reconsider_s1	v	to think again about a decision or opinion	xem xét lại	The committee agreed to reconsider the rejected application.	Ủy ban đồng ý xem xét lại đơn bị từ chối.	owner 1C batch27 [keep-gloss]
redesign_s1	v	to design something again to improve it	thiết kế lại	The team will redesign the webpage for smaller screens.	Nhóm sẽ thiết kế lại trang web cho màn hình nhỏ hơn.	owner 1C batch27 [keep-gloss]
rehearsal_s1	n	a practice before a performance or event	buổi diễn tập	The actors arrived early for the final rehearsal.	Các diễn viên đến sớm cho buổi diễn tập cuối.	owner 1C batch27 [keep-gloss]
relaxation_s1	n	the state of resting and becoming less tense	sự thư giãn	The hotel garden provides a quiet place for relaxation.	Khu vườn khách sạn là nơi yên tĩnh để thư giãn.	owner 1C batch27 [keep-gloss]
salon_s1	n	a business providing hair or beauty treatments	tiệm làm tóc, salon	She booked an appointment at the hair salon.	Cô ấy đặt lịch ở tiệm làm tóc.	owner 1C batch27 [keep-gloss]
satellite_s1	n	an object sent into space to collect or send information	vệ tinh	The satellite sends weather data to the ground station.	Vệ tinh gửi dữ liệu thời tiết đến trạm mặt đất.	owner 1C batch27 [keep-gloss]
serial_s1	adj	published or produced in a series	theo kỳ, nối tiếp	The website publishes a serial story every week.	Trang web đăng một câu chuyện theo kỳ mỗi tuần.	owner 1C batch27 [keep-gloss]
soar_s1	v	to rise or increase quickly to a high level	tăng vọt, bay vút	Food prices began to soar after the storm.	Giá thực phẩm bắt đầu tăng vọt sau cơn bão.	owner 1C batch27 [keep-gloss]
stimulus_s1	n	something that encourages activity or growth	động lực, tác nhân kích thích	The tax cut provided a stimulus for small businesses.	Việc giảm thuế tạo động lực cho doanh nghiệp nhỏ.	owner 1C batch27 [keep-gloss]
stockbroker_s1	n	a person who buys and sells shares for clients	nhà môi giới chứng khoán	The stockbroker explained the risks before placing the order.	Nhà môi giới chứng khoán giải thích rủi ro trước khi đặt lệnh.	owner 1C batch27 [keep-gloss]
tablecloth_s1	n	a cloth used to cover a table	khăn trải bàn	The restaurant changed the tablecloth before the next guests arrived.	Nhà hàng thay khăn trải bàn trước khi khách tiếp theo đến.	owner 1C batch27 [keep-gloss]
thirsty_s1	adj	needing or wanting something to drink	khát	Bring water because the hiking trail is long and thirsty work.	Hãy mang nước vì đường đi bộ dài và dễ gây khát.	owner 1C batch27 [keep-gloss]
thrill_s1	n	a strong feeling of excitement or pleasure	cảm giác phấn khích	Riding the mountain train gave us a real thrill.	Đi tàu trên núi mang lại cho chúng tôi cảm giác phấn khích.	owner 1C batch27 [keep-gloss]
tile_s1	n	a flat piece used to cover a floor or wall	gạch, ngói	One bathroom tile cracked during the renovation.	Một viên gạch phòng tắm bị nứt trong lúc sửa.	owner 1C batch27 [keep-gloss]
toiletry_s1	n	an item used for washing or personal care	đồ dùng vệ sinh cá nhân	Pack your toiletries in a separate bag for the flight.	Hãy đóng đồ vệ sinh cá nhân vào túi riêng cho chuyến bay.	owner 1C batch27 [keep-gloss]
trademark_s1	n	a legally protected name or symbol for a product	nhãn hiệu	The company registered its trademark before launching the product.	Công ty đăng ký nhãn hiệu trước khi ra mắt sản phẩm.	owner 1C batch27 [keep-gloss]
tropical_s1	adj	relating to hot regions near the equator	nhiệt đới	The island has a tropical climate and bright beaches.	Hòn đảo có khí hậu nhiệt đới và những bãi biển rực nắng.	owner 1C batch27 [keep-gloss]
tuna_s1	n	a large sea fish commonly used as food	cá ngừ	The chef prepared a fresh tuna salad for lunch.	Đầu bếp chuẩn bị salad cá ngừ tươi cho bữa trưa.	owner 1C batch27 [keep-gloss]
unemployed_s1	adj	without a job but able and willing to work	thất nghiệp	The center offers training for unemployed workers.	Trung tâm cung cấp đào tạo cho người lao động thất nghiệp.	owner 1C batch27 [keep-gloss]
validate_s1	v	to check that something is correct or acceptable	xác thực, kiểm tra	The app validates the code before saving your account.	Ứng dụng kiểm tra mã trước khi lưu tài khoản.	owner 1C batch27 [keep-gloss]
vanilla_s1	n	a flavoring made from a tropical plant	va-ni	The bakery added vanilla to the cake mixture.	Tiệm bánh thêm va-ni vào hỗn hợp bánh.	owner 1C batch27 [keep-gloss]
willingness_s1	n	the quality of being ready to do something	sự sẵn lòng	Her willingness to help made the project easier.	Sự sẵn lòng giúp đỡ của cô ấy làm dự án dễ hơn.	owner 1C batch27 [keep-gloss]
wristwatch_s1	n	a watch worn on the wrist	đồng hồ đeo tay	He checked his wristwatch before entering the meeting.	Anh ấy xem đồng hồ đeo tay trước khi vào cuộc họp.	owner 1C batch27 [keep-gloss]
actively_s1	adv	in an energetic or involved way	một cách tích cực	Students actively participated in the group discussion.	Học sinh tích cực tham gia thảo luận nhóm.	owner 1C batch27 [keep-gloss]
allergy_s1	n	a medical condition caused by sensitivity to something	dị ứng	The restaurant asks guests about food allergies.	Nhà hàng hỏi khách về dị ứng thực phẩm.	owner 1C batch27 [keep-gloss]
apprehensive_s1	adj	worried about something that may happen	lo lắng, e ngại	She felt apprehensive before speaking to the large audience.	Cô ấy thấy lo lắng trước khi nói trước đông khán giả.	owner 1C batch27 [keep-gloss]
automotive_s1	adj	relating to cars and other motor vehicles	thuộc ô tô	The college offers an automotive repair course.	Trường có khóa sửa chữa ô tô.	owner 1C batch27 [keep-gloss]
bacteria_s1	n	very small living organisms, some of which cause disease	vi khuẩn	The laboratory tested the water for harmful bacteria.	Phòng thí nghiệm kiểm tra nước để tìm vi khuẩn có hại.	owner 1C batch27 [keep-gloss]
broaden_s1	v	to make wider or increase knowledge and experience	mở rộng	Travel can broaden your understanding of other cultures.	Du lịch có thể mở rộng hiểu biết về các nền văn hóa khác.	owner 1C batch27 [keep-gloss]
by_law_s1	n	a rule made by a local authority or organization	quy định địa phương	The city by-law prohibits parking beside the emergency exit.	Quy định thành phố cấm đỗ xe cạnh lối thoát hiểm.	owner 1C batch27 [keep-gloss]
complication_s1	n	a problem that makes a situation more difficult	biến chứng, phức tạp	The patient recovered without any serious complication.	Bệnh nhân hồi phục mà không có biến chứng nghiêm trọng.	owner 1C batch27 [keep-gloss]
considerate_s1	adj	careful not to upset or inconvenience others	chu đáo, biết ý	It was considerate of him to lower the music at night.	Anh ấy thật chu đáo khi giảm âm nhạc vào ban đêm.	owner 1C batch27 [keep-gloss]
daytime_s1	n	the part of a day when there is light	ban ngày	The museum is open throughout the daytime.	Bảo tàng mở cửa suốt ban ngày.	owner 1C batch27 [keep-gloss]
decoration_s1	n	something used to make a place look attractive	đồ trang trí	The children made a paper decoration for the classroom.	Bọn trẻ làm đồ trang trí bằng giấy cho lớp học.	owner 1C batch27 [keep-gloss]
discard_s1	v	to throw something away because it is no longer useful	loại bỏ, vứt đi	Please discard the packaging in the recycling bin.	Vui lòng bỏ bao bì vào thùng tái chế.	owner 1C batch27 [keep-gloss]
drastically_s1	adv	in an extreme or sudden way	một cách mạnh mẽ	The new system drastically reduced waiting times.	Hệ thống mới giảm mạnh thời gian chờ.	owner 1C batch27 [keep-gloss]
erase_s1	v	to remove writing, marks, or stored information	xóa	You can erase the note after saving the final version.	Bạn có thể xóa ghi chú sau khi lưu bản cuối.	owner 1C batch27 [keep-gloss]
explorer_s1	n	a person who travels to discover unknown places	nhà thám hiểm	The explorer recorded plants found in the remote valley.	Nhà thám hiểm ghi lại các loài cây trong thung lũng xa.	owner 1C batch27 [keep-gloss]
factual_s1	adj	based on facts rather than opinions or guesses	mang tính sự thật	The article should be factual and easy to verify.	Bài viết nên dựa trên sự thật và dễ kiểm chứng.	owner 1C batch27 [keep-gloss]
fixture_s1	n	a piece of equipment fixed permanently in a building	thiết bị cố định	The bathroom fixture needs replacing after the leak.	Thiết bị cố định trong phòng tắm cần được thay sau vụ rò rỉ.	owner 1C batch27 [keep-gloss]
footwear_s1	n	shoes and other items worn on the feet	giày dép	The store sells footwear for work and outdoor activities.	Cửa hàng bán giày dép cho công việc và hoạt động ngoài trời.	owner 1C batch27 [keep-gloss]
genre_s1	n	a particular type of art, writing, or entertainment	thể loại	Mystery is my favorite genre of fiction.	Trinh thám là thể loại văn học yêu thích của tôi.	owner 1C batch27 [keep-gloss]
gymnasium_s1	n	a large room or building for sports and exercise	nhà thi đấu, phòng tập	The school gymnasium is open after classes.	Nhà thi đấu của trường mở cửa sau giờ học.	owner 1C batch27 [keep-gloss]
hereby_s1	adv	as a result of this formal statement or document	bằng văn bản này	I hereby confirm that the information is correct.	Bằng văn bản này tôi xác nhận thông tin là chính xác.	owner 1C batch27 [keep-gloss]
hesitation_s1	n	a pause caused by uncertainty or doubt	sự do dự	After a brief hesitation, she accepted the offer.	Sau một thoáng do dự, cô ấy chấp nhận đề nghị.	owner 1C batch27 [keep-gloss]
homemade_s1	adj	made at home rather than bought ready-made	tự làm tại nhà	They served homemade bread with the soup.	Họ phục vụ bánh mì tự làm cùng món súp.	owner 1C batch27 [keep-gloss]
hospitality_s1	n	friendly treatment and services for guests	lòng hiếu khách, ngành dịch vụ	The region is known for its warm hospitality.	Vùng này nổi tiếng với lòng hiếu khách nồng hậu.	owner 1C batch27 [keep-gloss]
incoming_s1	adj	arriving or being received	đang đến, sắp tới	Please check the incoming messages before the meeting.	Vui lòng kiểm tra tin nhắn đến trước cuộc họp.	owner 1C batch27 [keep-gloss]
induction_s1	n	a formal introduction to a new job or organization	buổi định hướng	New staff attend an induction on their first day.	Nhân viên mới tham dự buổi định hướng vào ngày đầu.	owner 1C batch27 [keep-gloss]
intently_s1	adv	with strong attention and concentration	một cách chăm chú	The students listened intently to the pronunciation model.	Học sinh chăm chú nghe mẫu phát âm.	owner 1C batch27 [keep-gloss]
mower_s1	n	a machine used to cut grass	máy cắt cỏ	The gardener keeps the mower in the shed.	Người làm vườn cất máy cắt cỏ trong nhà kho.	owner 1C batch27 [keep-gloss]
nutrition_s1	n	the food and substances needed for good health	dinh dưỡng	The course explains nutrition for active adults.	Khóa học giải thích dinh dưỡng cho người lớn năng động.	owner 1C batch27 [keep-gloss]
restatement_s1	n	a statement expressing an idea again in different words	sự diễn đạt lại	The final paragraph is a restatement of the main idea.	Đoạn cuối là cách diễn đạt lại ý chính.	owner 1C batch27 [keep-gloss]
sedan_s1	n	a car with four doors and a separate trunk	xe sedan	The rental company offered us a clean sedan.	Công ty cho thuê đưa cho chúng tôi một chiếc sedan sạch.	owner 1C batch27 [keep-gloss]
sunscreen_s1	n	cream or lotion that protects skin from sunlight	kem chống nắng	Apply sunscreen before spending the day at the beach.	Bôi kem chống nắng trước khi dành cả ngày ở bãi biển.	owner 1C batch27 [keep-gloss]
wellness_s1	n	the state of being healthy in body and mind	sức khỏe toàn diện	The company added a wellness program for its employees.	Công ty thêm chương trình sức khỏe toàn diện cho nhân viên.	owner 1C batch27 [keep-gloss]
workbook_s1	n	a book containing exercises for learners	sách bài tập	Complete the exercises in your workbook before class.	Hoàn thành bài tập trong sách trước giờ học.	owner 1C batch27 [keep-gloss]
bookcase_s1	n	a piece of furniture with shelves for books	tủ sách	The new bookcase stands beside the study desk.	Tủ sách mới đứng cạnh bàn học.	owner 1C batch27 [keep-gloss]
cleanliness_s1	n	the state of being clean and free from dirt	sự sạch sẽ	The restaurant received praise for its cleanliness.	Nhà hàng được khen vì sự sạch sẽ.	owner 1C batch27 [keep-gloss]
contestant_s1	n	a person who takes part in a competition	thí sinh, người dự thi	Each contestant answered three questions on stage.	Mỗi thí sinh trả lời ba câu hỏi trên sân khấu.	owner 1C batch27 [keep-gloss]
ethics_s1	n	principles about what is right and responsible	đạo đức	The course discusses ethics in medical research.	Khóa học thảo luận đạo đức trong nghiên cứu y khoa.	owner 1C batch27 [keep-gloss]
healthful_s1	adj	promoting good health	tốt cho sức khỏe	The menu offers several healthful choices for breakfast.	Thực đơn có một số lựa chọn tốt cho sức khỏe vào bữa sáng.	owner 1C batch27 [keep-gloss]
inefficient_s1	adj	not working well or using too much time or energy	kém hiệu quả	The old process was slow and inefficient.	Quy trình cũ chậm và kém hiệu quả.	owner 1C batch27 [keep-gloss]
liter_s1	n	a unit for measuring liquid	lít	The bottle holds one liter of water.	Chai chứa một lít nước.	owner 1C batch27 [keep-gloss]
recession_s1	n	a period when economic activity and jobs decrease	suy thoái kinh tế	The recession reduced spending in many industries.	Suy thoái kinh tế làm giảm chi tiêu ở nhiều ngành.	owner 1C batch27 [keep-gloss]
timeline_s1	n	a plan showing events in their time order	dòng thời gian	The project timeline includes three review stages.	Dòng thời gian dự án gồm ba giai đoạn xem xét.	owner 1C batch27 [keep-gloss]
unreliable_s1	adj	not dependable or accurate	không đáng tin cậy	The unreliable bus service made workers late.	Dịch vụ xe buýt không đáng tin cậy khiến người lao động đi muộn.	owner 1C batch27 [keep-gloss]
acclaim_s1	n	strong public praise for an achievement	sự hoan nghênh, lời khen	The film won critical acclaim at the festival.	Bộ phim nhận được nhiều lời khen của giới phê bình tại lễ hội.	owner 1C batch27 [keep-gloss]
chronic_s1	adj	continuing for a long time or occurring often	mãn tính	The clinic treats patients with chronic back pain.	Phòng khám điều trị bệnh nhân đau lưng mãn tính.	owner 1C batch27 [keep-gloss]
deteriorate_s1	v	to become worse in condition or quality	xấu đi, xuống cấp	The road began to deteriorate after years without repairs.	Con đường bắt đầu xuống cấp sau nhiều năm không sửa.	owner 1C batch27 [keep-gloss]
resemble_s1	v	to look or be like someone or something	giống	The child resembles her mother in many ways.	Đứa trẻ giống mẹ ở nhiều điểm.	owner 1C batch27 [keep-gloss]
unauthorized_s1	adj	not officially permitted or approved	không được phép	The system blocked an unauthorized login attempt.	Hệ thống chặn một lần đăng nhập không được phép.	owner 1C batch27 [keep-gloss]
unplug_s1	v	to remove a plug from an electrical socket	rút phích cắm	Unplug the heater before leaving the room.	Rút phích cắm máy sưởi trước khi rời phòng.	owner 1C batch27 [keep-gloss]
videoconference_s1	n	a meeting held through live video communication	hội nghị truyền hình	We held a videoconference with the overseas office.	Chúng tôi tổ chức hội nghị truyền hình với văn phòng ở nước ngoài.	owner 1C batch27 [keep-gloss]
