# lemma|pos|ipa|level|Vietnamese meaning|English example|Vietnamese example|collocations
@core_verbs|Động từ nền tảng|1
say|v|seɪ|1|nói (một điều gì)|Please say your name slowly.|Hãy nói chậm tên của bạn.|say hello;say a word
tell|v|tel|1|nói cho ai biết; kể|Tell me about your first day at school.|Kể cho tôi nghe về ngày đầu đi học của bạn.|tell a story;tell the truth
make|v|meɪk|1|làm; tạo ra|We make breakfast together on Sundays.|Chúng tôi cùng làm bữa sáng vào Chủ nhật.|make breakfast;make a mistake
do|v|duː|1|làm; thực hiện|I do my homework after dinner.|Tôi làm bài tập về nhà sau bữa tối.|do homework;do the dishes
be|v|biː|1|là; thì; ở|My sister wants to be a teacher.|Chị tôi muốn trở thành giáo viên.|be ready;be careful
have|v|hæv|1|có; sở hữu|They have a small garden behind the house.|Họ có một khu vườn nhỏ sau nhà.|have a question;have time
go|v|ɡoʊ|1|đi|We go to school by bus.|Chúng tôi đi học bằng xe buýt.|go home;go shopping
come|v|kʌm|1|đến|Can you come to my house after class?|Bạn có thể đến nhà tôi sau giờ học không?|come here;come home
get|v|ɡet|1|nhận; lấy được|I get a message from my sister every morning.|Tôi nhận được tin nhắn của chị mỗi sáng.|get a message;get a job
take|v|teɪk|1|lấy; mang theo|Take an umbrella when you go out.|Hãy mang theo ô khi ra ngoài.|take a photo;take a break
give|v|ɡɪv|1|cho; đưa|Please give this book to Lan.|Hãy đưa cuốn sách này cho Lan.|give advice;give a gift
want|v|wɑːnt|1|muốn|I want a glass of water.|Tôi muốn một cốc nước.|want to learn;want some help
need|v|niːd|1|cần|You need a pen for this exercise.|Bạn cần một chiếc bút cho bài tập này.|need help;need time
like|v|laɪk|1|thích|I like reading before bed.|Tôi thích đọc sách trước khi ngủ.|like reading;like music
love|v|lʌv|1|yêu; rất thích|My parents love walking in the park.|Bố mẹ tôi rất thích đi bộ trong công viên.|love someone;love cooking
know|v|noʊ|1|biết|Do you know the answer to this question?|Bạn có biết đáp án của câu hỏi này không?|know the answer;know someone
think|v|θɪŋk|1|nghĩ; cho rằng|I think this bag is yours.|Tôi nghĩ chiếc túi này là của bạn.|think about;think carefully
understand|v|ˌʌndərˈstænd|1|hiểu|I understand the words but not the whole sentence.|Tôi hiểu các từ nhưng chưa hiểu cả câu.|understand a sentence;understand the problem
remember|v|rɪˈmembər|2|nhớ; nhớ làm gì|Remember to lock the door before you leave.|Nhớ khóa cửa trước khi rời đi.|remember a name;remember to call
forget|v|fərˈɡet|2|quên|Don't forget your keys.|Đừng quên chìa khóa của bạn.|forget a password;forget to bring
learn|v|lɜːrn|1|học; học được|We learn five new words each day.|Chúng tôi học năm từ mới mỗi ngày.|learn English;learn a skill
study|v|ˈstʌdi|1|học; nghiên cứu|She studies English at the library.|Cô ấy học tiếng Anh ở thư viện.|study English;study for an exam
read|v|riːd|1|đọc|I read a short story every night.|Tôi đọc một truyện ngắn mỗi tối.|read a book;read aloud
write|v|raɪt|1|viết|Write your address on the envelope.|Viết địa chỉ của bạn lên phong bì.|write a letter;write a sentence
speak|v|spiːk|1|nói; nói một ngôn ngữ|Does your brother speak English?|Anh trai bạn có nói tiếng Anh không?|speak English;speak clearly
talk|v|tɔːk|1|nói chuyện; trò chuyện|We talk about our day over dinner.|Chúng tôi kể chuyện trong ngày khi ăn tối.|talk to someone;talk about work
hear|v|hɪr|1|nghe thấy|I can hear birds outside my window.|Tôi nghe thấy tiếng chim ngoài cửa sổ.|hear a noise;hear a sound
listen|v|ˈlɪsən|1|lắng nghe|Please listen to the instructions.|Hãy lắng nghe hướng dẫn.|listen to music;listen carefully
look|v|lʊk|1|nhìn|Look at the picture on page ten.|Nhìn bức tranh ở trang mười.|look at;look carefully
see|v|siː|1|nhìn thấy|Can you see the bridge from here?|Bạn có nhìn thấy cây cầu từ đây không?|see a bird;see a doctor
watch|v|wɑːtʃ|1|xem; theo dõi|We watch a film on Friday nights.|Chúng tôi xem phim vào tối thứ Sáu.|watch a film;watch TV
ask|v|æsk|1|hỏi; yêu cầu|Ask your teacher if you need help.|Hãy hỏi giáo viên nếu bạn cần giúp đỡ.|ask a question;ask for help
answer|v|ˈænsər|1|trả lời|Please answer the question in English.|Hãy trả lời câu hỏi bằng tiếng Anh.|answer a question;answer the phone
help|v|help|1|giúp đỡ|Can you help me carry this box?|Bạn có thể giúp tôi mang hộp này không?|help someone;help with homework
try|v|traɪ|1|thử; cố gắng|Try to read the sentence without a dictionary.|Hãy thử đọc câu đó mà không dùng từ điển.|try again;try to learn
use|v|juːz|1|sử dụng|You can use my phone to call home.|Bạn có thể dùng điện thoại của tôi để gọi về nhà.|use a computer;use a dictionary
find|v|faɪnd|1|tìm thấy|I can't find my notebook.|Tôi không tìm thấy vở của mình.|find a key;find an answer
keep|v|kiːp|2|giữ; giữ lại|Keep your ticket until the end of the journey.|Giữ vé cho đến cuối hành trình.|keep a receipt;keep a promise
bring|v|brɪŋ|1|mang đến|Please bring your notebook to class.|Hãy mang vở đến lớp.|bring a book;bring someone home
buy|v|baɪ|1|mua|We buy fresh vegetables at the market.|Chúng tôi mua rau tươi ở chợ.|buy food;buy a ticket
sell|v|sel|1|bán|That shop sells bread and milk.|Cửa hàng đó bán bánh mì và sữa.|sell clothes;sell a house
pay|v|peɪ|1|trả tiền|Can I pay by card?|Tôi có thể trả bằng thẻ không?|pay a bill;pay in cash
eat|v|iːt|1|ăn|We eat lunch at noon.|Chúng tôi ăn trưa vào buổi trưa.|eat breakfast;eat together
drink|v|drɪŋk|1|uống|I drink water after exercise.|Tôi uống nước sau khi tập thể dục.|drink water;drink tea
sleep|v|sliːp|1|ngủ|The baby is sleeping in the bedroom.|Em bé đang ngủ trong phòng ngủ.|sleep well;sleep late
walk|v|wɔːk|1|đi bộ|I walk to the station every morning.|Tôi đi bộ đến nhà ga mỗi sáng.|walk home;walk to school
run|v|rʌn|1|chạy|The children run across the playground.|Bọn trẻ chạy qua sân chơi.|run fast;run a race
sit|v|sɪt|1|ngồi|Please sit next to me.|Hãy ngồi cạnh tôi.|sit down;sit still
stand|v|stænd|1|đứng|We stand near the door while we wait.|Chúng tôi đứng gần cửa trong khi chờ.|stand up;stand in line
wait|v|weɪt|1|chờ; đợi|Wait here while I get the tickets.|Đợi ở đây trong lúc tôi đi lấy vé.|wait for someone;wait a minute
open|v|ˈoʊpən|1|mở|Could you open the window?|Bạn có thể mở cửa sổ không?|open a door;open a book
start|v|stɑːrt|1|bắt đầu|Our English class starts at six.|Lớp tiếng Anh của chúng tôi bắt đầu lúc sáu giờ.|start a lesson;start work
finish|v|ˈfɪnɪʃ|1|hoàn thành; kết thúc|I finish work at five today.|Hôm nay tôi làm việc xong lúc năm giờ.|finish homework;finish a task
stop|v|stɑːp|1|dừng lại|The bus stops outside the school.|Xe buýt dừng bên ngoài trường.|stop talking;stop working
choose|v|tʃuːz|2|chọn; lựa chọn|Choose one topic for your presentation.|Chọn một chủ đề cho bài thuyết trình của bạn.|choose a topic;choose carefully
change|v|tʃeɪndʒ|2|thay đổi|We need to change our travel plans.|Chúng ta cần thay đổi kế hoạch đi lại.|change a plan;change your mind
meet|v|miːt|1|gặp; gặp gỡ|Let's meet outside the library.|Hãy gặp nhau bên ngoài thư viện.|meet a friend;meet someone new
call|v|kɔːl|1|gọi; gọi điện|I'll call you after lunch.|Tôi sẽ gọi cho bạn sau bữa trưa.|call a friend;call home
send|v|send|1|gửi|Send me a message when you arrive.|Gửi tin nhắn cho tôi khi bạn đến nơi.|send an email;send a message
receive|v|rɪˈsiːv|2|nhận|You will receive a letter next week.|Bạn sẽ nhận được thư vào tuần sau.|receive a letter;receive a gift
@time_numbers|Thời gian & số lượng|2
today|adv|təˈdeɪ|1|hôm nay|I have two classes today.|Hôm nay tôi có hai buổi học.|today only;earlier today
tomorrow|adv|təˈmɑːroʊ|1|ngày mai|We are visiting our grandparents tomorrow.|Ngày mai chúng tôi sẽ thăm ông bà.|tomorrow morning;tomorrow evening
yesterday|adv|ˈjestərdeɪ|1|hôm qua|I left my umbrella at school yesterday.|Hôm qua tôi để quên ô ở trường.|yesterday morning;yesterday afternoon
morning|n|ˈmɔːrnɪŋ|1|buổi sáng|She drinks tea every morning.|Cô ấy uống trà mỗi sáng.|early morning;in the morning
afternoon|n|ˌæftərˈnuːn|1|buổi chiều|We play football in the afternoon.|Chúng tôi chơi bóng đá vào buổi chiều.|this afternoon;in the afternoon
evening|n|ˈiːvnɪŋ|1|buổi tối|My family eats together in the evening.|Gia đình tôi ăn cùng nhau vào buổi tối.|this evening;in the evening
night|n|naɪt|1|đêm; buổi tối|The street is quiet at night.|Con phố yên tĩnh vào ban đêm.|at night;last night
day|n|deɪ|1|ngày|I read a little English every day.|Tôi đọc một ít tiếng Anh mỗi ngày.|every day;all day
week|n|wiːk|1|tuần|The library is closed this week.|Thư viện đóng cửa tuần này.|next week;last week
month|n|mʌnθ|1|tháng|My birthday is next month.|Sinh nhật tôi vào tháng sau.|this month;every month
year|n|jɪr|1|năm|They moved to this city last year.|Họ chuyển đến thành phố này năm ngoái.|last year;next year
hour|n|ˈaʊər|1|giờ; một tiếng|The journey takes one hour.|Chuyến đi mất một tiếng.|half an hour;an hour later
minute|n|ˈmɪnɪt|1|phút|The next bus arrives in ten minutes.|Xe buýt tiếp theo đến sau mười phút.|a few minutes;ten minutes
second|n|ˈsekənd|1|giây|Wait a few seconds before opening the door.|Đợi vài giây trước khi mở cửa.|a few seconds;thirty seconds
noon|n|nuːn|1|buổi trưa; mười hai giờ trưa|Let's meet for lunch at noon.|Hãy gặp nhau ăn trưa lúc mười hai giờ.|at noon;before noon
midnight|n|ˈmɪdnaɪt|2|nửa đêm; mười hai giờ đêm|The last train leaves at midnight.|Chuyến tàu cuối rời ga lúc nửa đêm.|at midnight;after midnight
early|adv|ˈɜːrli|1|sớm|We arrived early and found good seats.|Chúng tôi đến sớm và tìm được chỗ ngồi tốt.|arrive early;get up early
late|adv|leɪt|1|muộn; trễ|He arrived late because he missed the bus.|Anh ấy đến muộn vì lỡ xe buýt.|arrive late;stay up late
lately|adv|ˈleɪtli|3|gần đây; dạo gần đây|Have you read any good books lately?|Dạo gần đây bạn có đọc cuốn sách nào hay không?|have seen lately;have felt lately
always|adv|ˈɔːlweɪz|1|luôn luôn|She always checks her answers.|Cô ấy luôn kiểm tra lại đáp án.|always remember;always ready
usually|adv|ˈjuːʒuəli|1|thường; thường lệ|I usually walk to work.|Tôi thường đi bộ đi làm.|usually go;usually have
often|adv|ˈɔːfən|1|thường xuyên|We often cook dinner together.|Chúng tôi thường xuyên nấu bữa tối cùng nhau.|often visit;often ask
sometimes|adv|ˈsʌmtaɪmz|1|đôi khi; thỉnh thoảng|I sometimes study at a café.|Thỉnh thoảng tôi học ở quán cà phê.|sometimes feel;sometimes go
never|adv|ˈnevər|1|không bao giờ|I never leave home without my keys.|Tôi không bao giờ ra khỏi nhà mà không mang chìa khóa.|never forget;never give up
once|adv|wʌns|1|một lần|We visit our cousins once a month.|Chúng tôi thăm anh chị em họ mỗi tháng một lần.|once a week;once a day
twice|adv|twaɪs|1|hai lần|I checked the address twice.|Tôi đã kiểm tra địa chỉ hai lần.|twice a day;twice a week
soon|adv|suːn|1|sớm; chẳng bao lâu nữa|Dinner will be ready soon.|Bữa tối sẽ sẵn sàng sớm thôi.|see you soon;coming soon
already|adv|ɔːlˈredi|2|đã; rồi|I've already finished this lesson.|Tôi đã học xong bài này rồi.|already know;already finished
still|adv|stɪl|2|vẫn; còn|She is still waiting for the bus.|Cô ấy vẫn đang đợi xe buýt.|still waiting;still learning
yet|adv|jet|2|chưa; vẫn chưa (trong câu phủ định)|I haven't read that book yet.|Tôi chưa đọc cuốn sách đó.|not yet;haven't finished yet
zero|n|ˈzɪroʊ|1|số không|The temperature fell to zero last night.|Nhiệt độ giảm xuống không độ đêm qua.|zero degrees;zero points
one|n|wʌn|1|số một|Write the number one in the first box.|Viết số một vào ô đầu tiên.|number one;page one
two|n|tuː|1|số hai|Write the number two below your name.|Viết số hai bên dưới tên của bạn.|number two;page two
three|n|θriː|1|số ba|Circle the number three on the card.|Khoanh tròn số ba trên thẻ.|number three;page three
four|n|fɔːr|1|số bốn|The answer to two plus two is four.|Đáp án của hai cộng hai là bốn.|number four;page four
five|n|faɪv|1|số năm|Turn to page five in your book.|Mở sách đến trang năm.|number five;page five
six|n|sɪks|1|số sáu|The number on the door is six.|Số trên cửa là số sáu.|number six;page six
seven|n|ˈsevən|1|số bảy|My lucky number is seven.|Số may mắn của tôi là số bảy.|number seven;page seven
eight|n|eɪt|1|số tám|You can see the number eight on the bus.|Bạn có thể nhìn thấy số tám trên xe buýt.|number eight;page eight
nine|n|naɪn|1|số chín|Write nine as a word, not a digit.|Viết số chín bằng chữ thay vì chữ số.|number nine;page nine
ten|n|ten|1|số mười|Count from one to ten slowly.|Đếm chậm từ một đến mười.|number ten;page ten
hundred|n|ˈhʌndrəd|1|một trăm|A hundred people came to the event.|Một trăm người đến sự kiện.|one hundred;two hundred
thousand|n|ˈθaʊzənd|2|một nghìn|The town has about a thousand residents.|Thị trấn có khoảng một nghìn cư dân.|one thousand;several thousand
half|n|hæf|1|một nửa|We ate half of the cake.|Chúng tôi ăn một nửa chiếc bánh.|half an hour;half a cup
both|pron|boʊθ|2|cả hai|Both of my sisters speak English.|Cả hai chị gái của tôi đều nói tiếng Anh.|both of us;both of them
enough|adj|ɪˈnʌf|2|đủ|We have enough chairs for everyone.|Chúng ta có đủ ghế cho mọi người.|enough time;enough money
several|adj|ˈsevrəl|2|một vài; vài|Several students stayed after class.|Vài học sinh ở lại sau giờ học.|several times;several days
Monday|n|ˈmʌndeɪ|1|thứ Hai|Our new course starts on Monday.|Khóa học mới của chúng tôi bắt đầu vào thứ Hai.|on Monday;Monday morning
Tuesday|n|ˈtuːzdeɪ|1|thứ Ba|I have a music lesson on Tuesday.|Tôi có buổi học nhạc vào thứ Ba.|on Tuesday;Tuesday afternoon
Wednesday|n|ˈwenzdeɪ|1|thứ Tư|The book club meets on Wednesday.|Câu lạc bộ sách gặp nhau vào thứ Tư.|on Wednesday;Wednesday evening
Thursday|n|ˈθɜːrzdeɪ|1|thứ Năm|Please return the book by Thursday.|Hãy trả sách trước hoặc trong thứ Năm.|on Thursday;Thursday morning
Friday|n|ˈfraɪdeɪ|1|thứ Sáu|We're having dinner with friends on Friday.|Chúng tôi sẽ ăn tối với bạn bè vào thứ Sáu.|on Friday;Friday night
Saturday|n|ˈsætərdeɪ|1|thứ Bảy|I clean my room on Saturday.|Tôi dọn phòng vào thứ Bảy.|on Saturday;Saturday afternoon
Sunday|n|ˈsʌndeɪ|1|Chủ nhật|We visit our grandmother every Sunday.|Chúng tôi thăm bà mỗi Chủ nhật.|on Sunday;Sunday morning
@home_basics|Đồ dùng & sinh hoạt cơ bản|3
house|n|haʊs|1|ngôi nhà|Their house has a red door.|Nhà của họ có một cánh cửa màu đỏ.|a small house;buy a house
home|n|hoʊm|1|nhà; nơi ở|My home is near the river.|Nhà tôi ở gần sông.|at home;leave home
room|n|ruːm|1|phòng|There are two windows in this room.|Phòng này có hai cửa sổ.|a small room;clean a room
kitchen|n|ˈkɪtʃən|1|nhà bếp|My dad is making soup in the kitchen.|Bố tôi đang nấu súp trong bếp.|in the kitchen;kitchen table
bathroom|n|ˈbæθruːm|1|phòng tắm; nhà vệ sinh|The bathroom is at the end of the hall.|Phòng tắm ở cuối hành lang.|bathroom door;use the bathroom
bedroom|n|ˈbedruːm|1|phòng ngủ|I keep my books in my bedroom.|Tôi để sách trong phòng ngủ.|a small bedroom;bedroom window
living room|n|ˈlɪvɪŋ ruːm|1|phòng khách|We watch films in the living room.|Chúng tôi xem phim trong phòng khách.|living room sofa;in the living room
door|n|dɔːr|1|cửa ra vào|Please close the door quietly.|Hãy đóng cửa nhẹ nhàng.|front door;open the door
window|n|ˈwɪndoʊ|1|cửa sổ|The cat is sitting by the window.|Con mèo đang ngồi cạnh cửa sổ.|open a window;by the window
floor|n|flɔːr|1|sàn nhà|There is a blue rug on the floor.|Có một tấm thảm xanh trên sàn.|clean the floor;on the floor
wall|n|wɔːl|1|tường|She put a clock on the wall.|Cô ấy treo đồng hồ lên tường.|a brick wall;on the wall
table|n|ˈteɪbəl|1|bàn|Put your bag under the table.|Đặt túi của bạn dưới bàn.|dining table;set the table
chair|n|tʃer|1|ghế|Please take the chair next to the window.|Mời bạn ngồi ghế cạnh cửa sổ.|an empty chair;sit on a chair
desk|n|desk|1|bàn học; bàn làm việc|My notebook is on the desk.|Vở của tôi ở trên bàn học.|office desk;at your desk
bed|n|bed|1|giường|I read for ten minutes before going to bed.|Tôi đọc sách mười phút trước khi đi ngủ.|go to bed;make the bed
pillow|n|ˈpɪloʊ|1|gối|This pillow is too soft for me.|Chiếc gối này quá mềm đối với tôi.|a soft pillow;pillow cover
blanket|n|ˈblæŋkɪt|1|chăn|Take a blanket if you feel cold.|Hãy lấy chăn nếu bạn thấy lạnh.|a warm blanket;a thick blanket
towel|n|ˈtaʊəl|1|khăn lau; khăn tắm|There is a clean towel by the sink.|Có một chiếc khăn sạch cạnh bồn rửa.|bath towel;clean towel
soap|n|soʊp|1|xà phòng|Wash your hands with soap and water.|Rửa tay bằng xà phòng và nước.|a bar of soap;liquid soap
toothbrush|n|ˈtuːθbrʌʃ|1|bàn chải đánh răng|I packed my toothbrush before the trip.|Tôi đã cho bàn chải vào hành lý trước chuyến đi.|electric toothbrush;use a toothbrush
toothpaste|n|ˈtuːθpeɪst|1|kem đánh răng|We need a new tube of toothpaste.|Chúng ta cần một tuýp kem đánh răng mới.|a tube of toothpaste;use toothpaste
mirror|n|ˈmɪrər|1|gương|She looked in the mirror before leaving.|Cô ấy soi gương trước khi đi.|bathroom mirror;look in the mirror
key|n|kiː|1|chìa khóa|I keep my key in my jacket pocket.|Tôi để chìa khóa trong túi áo khoác.|house key;a spare key
bag|n|bæɡ|1|túi; cặp|This bag is large enough for my books.|Chiếc túi này đủ lớn để đựng sách của tôi.|shopping bag;school bag
wallet|n|ˈwɑːlɪt|1|ví tiền|I left my wallet on the kitchen table.|Tôi để quên ví trên bàn bếp.|a leather wallet;lose a wallet
pen|n|pen|1|bút mực; bút bi|Can I borrow your pen for a minute?|Tôi mượn bút của bạn một lát được không?|a blue pen;write with a pen
pencil|n|ˈpensəl|1|bút chì|Use a pencil to draw the map.|Dùng bút chì để vẽ bản đồ.|a sharp pencil;pencil case
notebook|n|ˈnoʊtbʊk|1|vở; sổ tay|Write the new words in your notebook.|Ghi từ mới vào vở của bạn.|a small notebook;open your notebook
paper|n|ˈpeɪpər|1|giấy|Write your name on this piece of paper.|Viết tên bạn lên tờ giấy này.|a sheet of paper;recycled paper
cup|n|kʌp|1|cốc; tách|Would you like a cup of tea?|Bạn có muốn uống một tách trà không?|a cup of tea;coffee cup
glass|n|ɡlæs|1|cốc thủy tinh; ly|Please bring me a glass of water.|Làm ơn lấy cho tôi một ly nước.|a glass of water;an empty glass
bottle|n|ˈbɑːtəl|1|chai|Fill your bottle before we leave.|Đổ đầy chai nước trước khi chúng ta đi.|water bottle;a bottle of milk
plate|n|pleɪt|1|đĩa|Put the sandwiches on a large plate.|Đặt bánh mì kẹp lên một chiếc đĩa lớn.|dinner plate;a clean plate
bowl|n|boʊl|1|bát; tô|She ate a bowl of soup for lunch.|Cô ấy ăn một bát súp vào bữa trưa.|a bowl of soup;rice bowl
spoon|n|spuːn|1|thìa; muỗng|Use a spoon to stir the soup.|Dùng thìa để khuấy súp.|a wooden spoon;soup spoon
fork|n|fɔːrk|1|nĩa; dĩa ăn|There is a fork beside each plate.|Có một chiếc nĩa cạnh mỗi đĩa.|a knife and fork;use a fork
knife|n|naɪf|1|dao|Cut the bread with this knife.|Cắt bánh mì bằng con dao này.|bread knife;a sharp knife
water|n|ˈwɔːtər|1|nước|There is some water in the bottle.|Có một ít nước trong chai.|drinking water;a glass of water
bread|n|bred|1|bánh mì|We bought fresh bread this morning.|Chúng tôi mua bánh mì mới sáng nay.|a slice of bread;fresh bread
milk|n|mɪlk|1|sữa|Would you like milk in your tea?|Bạn có muốn thêm sữa vào trà không?|a glass of milk;fresh milk
egg|n|eɡ|1|trứng|I boiled an egg for breakfast.|Tôi luộc một quả trứng cho bữa sáng.|boiled egg;fried egg
meat|n|miːt|1|thịt|This soup contains no meat.|Món súp này không có thịt.|fresh meat;grilled meat
fish|n|fɪʃ|1|cá|We saw tiny fish in the stream.|Chúng tôi nhìn thấy những con cá nhỏ trong suối.|a small fish;freshwater fish
chicken|n|ˈtʃɪkɪn|1|thịt gà|We had chicken with rice for dinner.|Chúng tôi ăn thịt gà với cơm vào bữa tối.|grilled chicken;chicken soup
tea|n|tiː|1|trà; chè|My grandfather drinks tea after lunch.|Ông tôi uống trà sau bữa trưa.|green tea;a cup of tea
coffee|n|ˈkɔːfi|1|cà phê|I drink coffee without sugar.|Tôi uống cà phê không đường.|black coffee;a cup of coffee
sugar|n|ˈʃʊɡər|1|đường (thực phẩm)|There is no sugar in this drink.|Đồ uống này không có đường.|add sugar;a spoonful of sugar
salt|n|sɔːlt|1|muối|Add a little salt to the soup.|Thêm một ít muối vào súp.|table salt;a pinch of salt
lunch|n|lʌntʃ|1|bữa trưa|I bring my lunch to work.|Tôi mang bữa trưa đi làm.|have lunch;lunch break
dinner|n|ˈdɪnər|1|bữa tối; bữa chính trong ngày|Dinner is ready, so please wash your hands.|Bữa tối đã sẵn sàng, hãy rửa tay.|have dinner;make dinner
@describing|Tính chất & so sánh cơ bản|4
good|adj|ɡʊd|1|tốt; hay|That's a good question.|Đó là một câu hỏi hay.|a good idea;good at English
bad|adj|bæd|1|xấu; tệ|We stayed home because of the bad weather.|Chúng tôi ở nhà vì thời tiết xấu.|bad weather;a bad habit
big|adj|bɪɡ|1|to; lớn|They live in a big house near the beach.|Họ sống trong một ngôi nhà lớn gần biển.|a big house;a big difference
small|adj|smɔːl|1|nhỏ; bé|I carry a small notebook in my bag.|Tôi mang một cuốn sổ nhỏ trong túi.|a small bag;a small town
new|adj|nuː|1|mới|She bought a new pair of shoes.|Cô ấy mua một đôi giày mới.|a new job;a new idea
old|adj|oʊld|1|cũ; già|This old photo shows our first house.|Bức ảnh cũ này chụp ngôi nhà đầu tiên của chúng tôi.|an old photo;an old friend
young|adj|jʌŋ|1|trẻ; nhỏ tuổi|The young musician plays the piano very well.|Nhạc sĩ trẻ chơi đàn piano rất giỏi.|young people;a young child
long|adj|lɔːŋ|1|dài|It was a long journey home.|Đó là một hành trình dài về nhà.|a long time;a long road
short|adj|ʃɔːrt|1|ngắn; thấp|Write a short sentence about your family.|Viết một câu ngắn về gia đình bạn.|a short story;a short break
hot|adj|hɑːt|1|nóng|Be careful: the soup is hot.|Cẩn thận: súp nóng đấy.|hot water;hot weather
cold|adj|koʊld|1|lạnh|I need a jacket because it's cold outside.|Tôi cần áo khoác vì bên ngoài lạnh.|cold water;cold weather
warm|adj|wɔːrm|1|ấm|This blanket keeps me warm at night.|Chiếc chăn này giữ ấm cho tôi vào ban đêm.|warm clothes;warm water
cool|adj|kuːl|1|mát; hơi lạnh|The air is cool in the morning.|Không khí mát vào buổi sáng.|cool air;a cool breeze
easy|adj|ˈiːzi|1|dễ|The first exercise is easy to understand.|Bài tập đầu tiên rất dễ hiểu.|an easy question;easy to use
difficult|adj|ˈdɪfɪkəlt|1|khó|This word is difficult to pronounce.|Từ này khó phát âm.|a difficult question;a difficult task
hard|adj|hɑːrd|1|khó; khó khăn|The last question was hard.|Câu hỏi cuối rất khó.|a hard question;a hard decision
hardly|adv|ˈhɑːrdli|3|hầu như không|I could hardly hear her in the noisy room.|Tôi hầu như không nghe được cô ấy trong căn phòng ồn ào.|hardly ever;hardly any
fast|adj|fæst|1|nhanh|We took a fast train to the city.|Chúng tôi đi tàu nhanh đến thành phố.|a fast train;a fast runner
slow|adj|sloʊ|1|chậm|The slow bus journey took two hours.|Chuyến xe buýt chậm chạp kéo dài hai tiếng.|a slow train;slow progress
clean|adj|kliːn|1|sạch|Please use a clean spoon.|Hãy dùng một chiếc thìa sạch.|clean water;a clean room
dirty|adj|ˈdɜːrti|1|bẩn|Leave your dirty shoes by the door.|Để giày bẩn của bạn cạnh cửa.|dirty clothes;dirty hands
light|adj|laɪt|1|nhẹ (về trọng lượng)|This bag is light enough to carry all day.|Chiếc túi này đủ nhẹ để mang cả ngày.|a light bag;light luggage
heavy|adj|ˈhevi|1|nặng|The box is too heavy for me to lift.|Chiếc hộp quá nặng để tôi nhấc lên.|a heavy box;heavy luggage
strong|adj|strɔːŋ|1|khỏe; chắc; mạnh|We need a strong rope to hold the tent.|Chúng ta cần dây chắc để giữ lều.|a strong rope;strong muscles
weak|adj|wiːk|2|yếu|I felt weak after being ill.|Tôi thấy yếu sau khi bị ốm.|feel weak;a weak signal
right|adj|raɪt|1|đúng; chính xác|Check that you have the right address.|Kiểm tra xem bạn có đúng địa chỉ chưa.|the right answer;the right choice
wrong|adj|rɔːŋ|1|sai; không đúng|I called the wrong number.|Tôi gọi nhầm số.|the wrong answer;the wrong number
different|adj|ˈdɪfrənt|1|khác; khác nhau|These two words have different meanings.|Hai từ này có nghĩa khác nhau.|different from;different meanings
same|adj|seɪm|1|giống nhau; cùng một|We take the same bus to school.|Chúng tôi đi cùng một chuyến xe buýt đến trường.|the same time;the same way
important|adj|ɪmˈpɔːrtənt|2|quan trọng|It's important to check your work.|Kiểm tra lại bài làm là điều quan trọng.|an important question;important information
possible|adj|ˈpɑːsəbəl|2|có thể; khả thi|Is it possible to change the date?|Có thể đổi ngày được không?|a possible solution;as soon as possible
impossible|adj|ɪmˈpɑːsəbəl|2|không thể; bất khả thi|It's impossible to read in complete darkness.|Không thể đọc trong bóng tối hoàn toàn.|almost impossible;impossible to know
careful|adj|ˈkerfəl|2|cẩn thận|Be careful with that glass.|Cẩn thận với chiếc cốc đó.|be careful;careful planning
safe|adj|seɪf|1|an toàn|Keep your passport in a safe place.|Giữ hộ chiếu ở nơi an toàn.|a safe place;safe to use
dangerous|adj|ˈdeɪndʒərəs|2|nguy hiểm|Swimming here is dangerous because of the strong current.|Bơi ở đây nguy hiểm vì dòng chảy mạnh.|a dangerous road;dangerous conditions
fun|adj|fʌn|2|vui; thú vị|The cooking class was fun.|Buổi học nấu ăn rất vui.|a fun activity;a fun game
funny|adj|ˈfʌni|2|buồn cười; hài hước|He told a funny story about his dog.|Anh ấy kể một câu chuyện buồn cười về con chó của mình.|a funny story;a funny joke
boring|adj|ˈbɔːrɪŋ|2|gây chán; nhàm chán|The film was so boring that I stopped watching.|Bộ phim chán đến mức tôi ngừng xem.|a boring film;a boring task
exciting|adj|ɪkˈsaɪtɪŋ|2|gây hào hứng; thú vị|Starting a new course is exciting.|Bắt đầu khóa học mới thật thú vị.|an exciting trip;exciting news
alone|adj|əˈloʊn|2|một mình (không có ai khác)|She was alone in the classroom.|Cô ấy ở một mình trong lớp.|be alone;leave someone alone
beautiful|adj|ˈbjuːtɪfəl|1|đẹp|The garden looks beautiful in spring.|Khu vườn trông đẹp vào mùa xuân.|a beautiful garden;a beautiful view
kind|adj|kaɪnd|1|tốt bụng; tử tế|It was kind of you to help me.|Bạn thật tốt bụng khi giúp tôi.|be kind to;a kind person
polite|adj|pəˈlaɪt|2|lịch sự|She gave a polite reply to the customer.|Cô ấy trả lời khách hàng một cách lịch sự.|a polite reply;be polite
rude|adj|ruːd|2|thô lỗ; bất lịch sự|It's rude to interrupt someone repeatedly.|Liên tục ngắt lời người khác là bất lịch sự.|a rude comment;rude behavior
ready|adj|ˈredi|1|sẵn sàng|Are you ready to start the lesson?|Bạn đã sẵn sàng bắt đầu bài học chưa?|get ready;ready to go
free|adj|friː|1|rảnh; có thời gian|Are you free after lunch?|Bạn có rảnh sau bữa trưa không?|free time;free this evening
@linking|Từ nối & từ chức năng|5
and|conj|ænd|1|và|I bought bread and milk.|Tôi mua bánh mì và sữa.|you and me;day and night
but|conj|bʌt|1|nhưng|I like this shirt, but it's too small.|Tôi thích chiếc áo này nhưng nó quá nhỏ.|small but useful;tired but happy
or|conj|ɔːr|1|hoặc; hay|Would you like tea or coffee?|Bạn muốn uống trà hay cà phê?|now or later;yes or no
because|conj|bɪˈkɔːz|1|bởi vì (đi với mệnh đề)|I stayed home because I was tired.|Tôi ở nhà vì mệt.|because I can;because it rained
because of|prep|bɪˈkɔːz əv|2|bởi vì; do (đi với cụm danh từ)|The game was cancelled because of the rain.|Trận đấu bị hủy vì trời mưa.|because of rain;because of illness
although|conj|ɔːlˈðoʊ|3|mặc dù (đi với mệnh đề)|Although it was cold, we went for a walk.|Mặc dù trời lạnh, chúng tôi vẫn đi dạo.|although it rained;although she tried
despite|prep|dɪˈspaɪt|3|mặc dù; bất chấp (đi với danh từ hoặc V-ing)|We enjoyed the trip despite the rain.|Chúng tôi vẫn thích chuyến đi dù trời mưa.|despite the rain;despite being tired
if|conj|ɪf|1|nếu|Call me if you need help.|Gọi cho tôi nếu bạn cần giúp đỡ.|if necessary;if possible
unless|conj|ənˈles|3|trừ khi; nếu không|We won't leave unless everyone is ready.|Chúng tôi sẽ không đi trừ khi mọi người đều sẵn sàng.|unless otherwise stated;unless you agree
when|conj|wen|1|khi|Send me a message when you arrive.|Nhắn tin cho tôi khi bạn đến nơi.|when needed;when you arrive
while|conj|waɪl|2|trong khi (đi với mệnh đề)|I listened to music while I cooked.|Tôi nghe nhạc trong khi nấu ăn.|while waiting;while I work
during|prep|ˈdʊrɪŋ|2|trong suốt; trong thời gian (đi với danh từ)|Please turn off your phone during the lesson.|Hãy tắt điện thoại trong giờ học.|during class;during the day
since|prep|sɪns|2|từ; kể từ (mốc thời gian)|I've lived here since 2020.|Tôi sống ở đây từ năm 2020.|since Monday;since childhood
for|prep|fɔːr|1|trong (một khoảng thời gian)|We waited for twenty minutes.|Chúng tôi đã đợi hai mươi phút.|for a week;for two hours
before|prep|bɪˈfɔːr|1|trước|Wash your hands before dinner.|Rửa tay trước bữa tối.|before lunch;before class
after|prep|ˈæftər|1|sau|We went for a walk after breakfast.|Chúng tôi đi dạo sau bữa sáng.|after work;after school
until|prep|ənˈtɪl|2|cho đến|The library is open until eight.|Thư viện mở cửa đến tám giờ.|until tomorrow;until midnight
among|prep|əˈmʌŋ|2|giữa; trong số (một nhóm)|I found my pen among the books.|Tôi tìm thấy bút giữa đống sách.|among friends;among the trees
than|conj|ðæn|1|hơn (dùng khi so sánh)|This bag is lighter than that one.|Túi này nhẹ hơn túi kia.|better than;more than
then|adv|ðen|1|sau đó; lúc đó|Read the text, then answer the questions.|Đọc đoạn văn rồi trả lời câu hỏi.|and then;back then
its|pron|ɪts|2|của nó (đứng trước danh từ)|The cat is washing its face.|Con mèo đang rửa mặt.|its name;its color
it's|phr|ɪts|2|dạng viết tắt của it is hoặc it has|It's raining, so take an umbrella.|Trời đang mưa, hãy mang ô.|it's cold;it's been a while
especially|adv|ɪˈspeʃəli|3|đặc biệt là|I enjoy fruit, especially mangoes.|Tôi thích trái cây, đặc biệt là xoài.|especially useful;especially for you
specially|adv|ˈspeʃəli|3|một cách đặc biệt; dành riêng cho mục đích nào đó|This bag was specially made for my camera.|Chiếc túi này được làm riêng cho máy ảnh của tôi.|specially designed;specially made
however|adv|haʊˈevər|3|tuy nhiên|The room is small. However, it has a lovely view.|Phòng nhỏ. Tuy nhiên, phòng có tầm nhìn đẹp.|however difficult;however hard
therefore|adv|ˈðerfɔːr|3|vì vậy; do đó|The bridge is closed; therefore, we need another route.|Cầu đã đóng nên chúng ta cần đi đường khác.|therefore necessary;therefore possible
also|adv|ˈɔːlsoʊ|1|cũng; ngoài ra|She speaks English and also studies Korean.|Cô ấy nói tiếng Anh và cũng học tiếng Hàn.|also available;also known as
instead|adv|ɪnˈsted|2|thay vào đó|There was no coffee, so I had tea instead.|Không có cà phê nên tôi uống trà thay vào đó.|instead of;use this instead
otherwise|adv|ˈʌðərwaɪz|3|nếu không thì|Save your work; otherwise, you may lose it.|Hãy lưu bài làm, nếu không bạn có thể mất nó.|otherwise stated;otherwise unavailable
either|pron|ˈiːðər|2|một trong hai; bất kỳ cái nào trong hai|Both seats are empty; you can take either.|Cả hai ghế đều trống, bạn có thể chọn một trong hai.|either of them;either will do
neither|pron|ˈniːðər|3|không cái nào trong hai|Neither of the answers is correct.|Không đáp án nào trong hai đáp án là đúng.|neither of us;neither of them
whether|conj|ˈweðər|3|liệu; có ... hay không|I don't know whether the shop is open.|Tôi không biết cửa hàng có mở không.|whether or not;whether to go
@work_study_core|Học tập & công việc thiết yếu|0
job|n|dʒɑːb|1|công việc; việc làm (đếm được)|She found a job at a bookshop.|Cô ấy tìm được việc tại một hiệu sách.|get a job;apply for a job
work|n|wɜːrk|1|công việc; việc cần làm (không đếm được)|I have a lot of work to do today.|Hôm nay tôi có nhiều việc phải làm.|go to work;finish work
career|n|kəˈrɪr|2|sự nghiệp|He wants a career in education.|Anh ấy muốn có sự nghiệp trong ngành giáo dục.|start a career;career goals
advice|n|ədˈvaɪs|2|lời khuyên (không đếm được)|Thank you for your helpful advice.|Cảm ơn lời khuyên hữu ích của bạn.|give advice;a piece of advice
advise|v|ədˈvaɪz|3|khuyên|The teacher advised me to read every day.|Giáo viên khuyên tôi đọc mỗi ngày.|advise someone to;strongly advise
check|v|tʃek|1|kiểm tra|Check your answers before you submit the form.|Kiểm tra đáp án trước khi nộp biểu mẫu.|check an answer;check the time
control|v|kənˈtroʊl|3|kiểm soát; điều khiển|This button controls the volume.|Nút này điều khiển âm lượng.|control the volume;control costs
rise|v|raɪz|3|tăng; dâng lên (không có tân ngữ)|Prices usually rise when supplies are limited.|Giá thường tăng khi nguồn cung hạn chế.|prices rise;the sun rises
economic|adj|ˌiːkəˈnɑːmɪk|4|thuộc kinh tế|The report discusses economic growth.|Báo cáo thảo luận về tăng trưởng kinh tế.|economic growth;economic policy
economical|adj|ˌiːkəˈnɑːmɪkəl|4|tiết kiệm; ít tốn kém|This small car is economical to run.|Chiếc xe nhỏ này ít tốn chi phí vận hành.|economical to run;an economical choice
prize|n|praɪz|2|giải thưởng|She won first prize in the writing competition.|Cô ấy giành giải nhất cuộc thi viết.|win a prize;first prize
travel|v|ˈtrævəl|1|đi lại; đi du lịch|I travel to work by train.|Tôi đi tàu đến chỗ làm.|travel abroad;travel by train
trip|n|trɪp|1|chuyến đi|We took a short trip to the coast.|Chúng tôi có chuyến đi ngắn đến bờ biển.|a business trip;a day trip
teacher|n|ˈtiːtʃər|1|giáo viên|Our teacher explains new words with pictures.|Giáo viên giải thích từ mới bằng hình ảnh.|English teacher;class teacher
school|n|skuːl|1|trường học|My school is close to the park.|Trường tôi ở gần công viên.|go to school;primary school
class|n|klæs|1|lớp học; buổi học|There are twenty students in my class.|Lớp tôi có hai mươi học sinh.|English class;after class
classroom|n|ˈklæsruːm|1|phòng học|The classroom has large windows.|Phòng học có những cửa sổ lớn.|in the classroom;classroom door
classmate|n|ˈklæsmeɪt|1|bạn cùng lớp|My classmate helped me understand the exercise.|Bạn cùng lớp giúp tôi hiểu bài tập.|a new classmate;former classmate
dictionary|n|ˈdɪkʃəneri|1|từ điển|Use a dictionary to check the pronunciation.|Dùng từ điển để kiểm tra phát âm.|English dictionary;look in a dictionary
sentence|n|ˈsentəns|1|câu (ngôn ngữ)|Write a sentence using the new word.|Viết một câu sử dụng từ mới.|a complete sentence;example sentence
question|n|ˈkwestʃən|1|câu hỏi|Do you have a question about the lesson?|Bạn có câu hỏi nào về bài học không?|ask a question;answer a question
meaning|n|ˈmiːnɪŋ|1|nghĩa; ý nghĩa|What is the meaning of this word?|Từ này có nghĩa là gì?|word meaning;the same meaning
mistake|n|mɪˈsteɪk|1|lỗi; sai sót|Don't worry about making a mistake.|Đừng lo về việc mắc lỗi.|make a mistake;correct a mistake
language|n|ˈlæŋɡwɪdʒ|1|ngôn ngữ|Learning a language takes regular practice.|Học một ngôn ngữ cần luyện tập thường xuyên.|foreign language;spoken language
letter|n|ˈletər|1|lá thư|I wrote a letter to my grandmother.|Tôi viết thư cho bà.|write a letter;send a letter
word|n|wɜːrd|1|từ (ngôn ngữ)|This word has two common meanings.|Từ này có hai nghĩa thông dụng.|a new word;word order
test|n|test|1|bài kiểm tra|We have a short test on Friday.|Chúng tôi có bài kiểm tra ngắn vào thứ Sáu.|take a test;pass a test
subject|n|ˈsʌbdʒɪkt|1|môn học|Science is my favorite subject.|Khoa học là môn học yêu thích của tôi.|school subject;favorite subject
university|n|ˌjuːnɪˈvɜːrsəti|2|trường đại học|She studies history at university.|Cô ấy học lịch sử ở đại học.|go to university;university student
information|n|ˌɪnfərˈmeɪʃən|2|thông tin (không đếm được)|The website has useful information about the course.|Trang web có thông tin hữu ích về khóa học.|useful information;a piece of information
manager|n|ˈmænɪdʒər|2|người quản lý|Ask the manager about the new schedule.|Hỏi quản lý về lịch làm việc mới.|sales manager;office manager
assistant|n|əˈsɪstənt|2|trợ lý; người phụ giúp|The assistant prepared the meeting room.|Trợ lý đã chuẩn bị phòng họp.|personal assistant;teaching assistant
staff|n|stæf|2|nhân viên (tập thể)|The hotel staff were very helpful.|Nhân viên khách sạn rất nhiệt tình.|hotel staff;staff meeting
task|n|tæsk|2|nhiệm vụ; việc cần làm|Finish one task before starting another.|Hoàn thành một việc trước khi bắt đầu việc khác.|complete a task;a simple task
project|n|ˈprɑːdʒekt|2|dự án|Our team is working on a new project.|Nhóm chúng tôi đang làm một dự án mới.|start a project;project manager
plan|n|plæn|1|kế hoạch|We need a plan for the weekend.|Chúng ta cần một kế hoạch cho cuối tuần.|make a plan;a study plan
goal|n|ɡoʊl|2|mục tiêu|My goal is to read a book in English.|Mục tiêu của tôi là đọc một cuốn sách tiếng Anh.|set a goal;reach a goal
problem|n|ˈprɑːbləm|1|vấn đề|We need to discuss this problem together.|Chúng ta cần cùng thảo luận vấn đề này.|solve a problem;a common problem
solution|n|səˈluːʃən|3|giải pháp; lời giải|We found a simple solution to the problem.|Chúng tôi tìm ra giải pháp đơn giản cho vấn đề.|find a solution;a practical solution
decision|n|dɪˈsɪʒən|2|quyết định|Take your time before making a decision.|Hãy dành thời gian suy nghĩ trước khi quyết định.|make a decision;a difficult decision
reason|n|ˈriːzən|2|lý do|What was the reason for the delay?|Lý do của sự chậm trễ là gì?|a good reason;the main reason
result|n|rɪˈzʌlt|2|kết quả|We will receive the results tomorrow.|Chúng tôi sẽ nhận kết quả vào ngày mai.|test results;a good result
opportunity|n|ˌɑːpərˈtuːnəti|3|cơ hội|This course is a good opportunity to practice speaking.|Khóa học này là cơ hội tốt để luyện nói.|a job opportunity;take an opportunity
requirement|n|rɪˈkwaɪərmənt|3|yêu cầu; điều kiện cần|Check the entry requirements before applying.|Kiểm tra điều kiện đầu vào trước khi nộp đơn.|entry requirements;meet a requirement
responsibility|n|rɪˌspɑːnsəˈbɪləti|3|trách nhiệm|It's my responsibility to lock the office.|Khóa văn phòng là trách nhiệm của tôi.|take responsibility;shared responsibility
achieve|v|əˈtʃiːv|3|đạt được|You can achieve your goals with regular practice.|Bạn có thể đạt mục tiêu bằng luyện tập đều đặn.|achieve a goal;achieve success
develop|v|dɪˈveləp|3|phát triển|This course helps you develop writing skills.|Khóa học này giúp bạn phát triển kỹ năng viết.|develop skills;develop a plan
explain|v|ɪkˈspleɪn|2|giải thích|Could you explain the rule again?|Bạn có thể giải thích lại quy tắc không?|explain a rule;explain clearly
describe|v|dɪˈskraɪb|2|miêu tả; mô tả|Describe your neighborhood in three sentences.|Miêu tả khu bạn sống bằng ba câu.|describe a place;describe a person
discuss|v|dɪˈskʌs|2|thảo luận|Let's discuss our ideas after class.|Hãy thảo luận ý tưởng sau giờ học.|discuss a problem;discuss a plan
