# lemma|pos|ipa|level|topic|collocations|forms|grammarIds
he|pron|hi|1|linking|he says;he is|{}|["pronouns"]
we|pron|wi|1|linking|we can;we are|{}|["pronouns"]
as|conj|æz|1|linking|as soon as;as well as|{}|["conj_prep", "prep_time"]
would|v|wʊd|1|open_actions|would like;would you mind|{}|["can_could", "conditionals", "future"]
about|prep|əˈbaʊt|1|linking|talk about;think about|{}|["conj_prep", "prep_time"]
which|pron|wɪtʃ|1|linking|which one;which of|{}|["pronouns"]
who|pron|hu|1|linking|who is;someone who|{}|["pronouns"]
no|det|noʊ|1|linking|no problem;no idea|{}|["articles"]
could|v|kʊd|1|open_actions|could you;could not|{}|["can_could", "conditionals", "future"]
most|det|moʊst|1|linking|most people;most of|{}|["articles"]
off|prep|ɔf|1|linking|turn off;get off|{}|["conj_prep", "prep_time"]
end|n|ɛnd|1|daily|at the end;end of the day|{}|["word_forms"]
play|v|pleɪ|1|open_actions|play football;play the piano|{}|["word_forms"]
include|v|ɪnˈklud|1|open_actions|include tax;include breakfast|{}|["word_forms"]
every|det|ˈɛvri|1|linking|every day;every week|{}|["articles"]
begin|v|bɪˈɡɪn|1|open_actions|begin work;begin with|{"past": "began", "pp": "begun"}|["word_forms"]
program|n|ˈproʊɡræm|1|tech|TV program;training program|{}|["word_forms"]
lead|v|lid|1|open_actions|lead a team;lead to|{"past": "led", "pp": "led"}|["word_forms"]
city|n|ˈsɪti|1|city|city center;big city|{"plural": "cities"}|["word_forms"]
almost|adv|ˈɔlmoʊst|1|daily|almost ready;almost always|{}|["word_forms"]
whole|adj|hoʊl|1|describing|the whole day;the whole family|{}|["word_forms"]
probably|adv|ˈprɑbəbli|1|daily|probably not;will probably|{}|["word_forms"]
center|n|ˈsɛntɚ|1|city|city center;shopping center|{}|["word_forms"]
real|adj|ril|1|describing|real life;real name|{}|["word_forms"]
development|n|dɪˈvɛləpmənt|1|daily|product development;economic development|{}|["word_forms"]
top|n|tɑp|1|daily|at the top;top floor|{}|["word_forms"]
color|n|ˈkʌlɚ|1|daily|favorite color;bright color|{}|["word_forms"]
involve|v|ɪnˈvɑlv|1|open_actions|involve risk;be involved in|{}|["word_forms"]
eye|n|aɪ|1|daily|blue eyes;close your eyes|{}|["word_forms"]
music|n|ˈmjuzɪk|1|entertainment|listen to music;pop music|{}|["word_forms"]
perhaps|adv|pɚˈhæps|1|daily|perhaps not;perhaps tomorrow|{}|["word_forms"]
produce|v|prəˈdus|1|open_actions|produce food;produce energy|{}|["word_forms"]
film|n|fɪlm|1|media|watch a film;film star|{}|["word_forms"]
someone|pron|ˈsʌmwʌn|1|linking|someone else;ask someone|{}|["pronouns"]
himself|pron|hɪmˈsɛlf|1|linking|by himself;hurt himself|{}|["pronouns"]
girl|n|ɡɝl|1|family|little girl;baby girl|{}|["word_forms"]
maybe|adv|ˈmeɪbi|1|daily|maybe later;maybe not|{}|["word_forms"]
role|n|roʊl|1|daily|play a role;key role|{}|["word_forms"]
phone|n|foʊn|1|daily|phone call;mobile phone|{}|["word_forms"]
themselves|pron|ðəmˈsɛlvz|1|linking|by themselves;enjoy themselves|{}|["pronouns"]
white|adj|waɪt|1|describing|white wine;black and white|{}|["word_forms"]
organization|n|ˌɔrɡənəˈzeɪʃən|1|work_study_core|charity organization;large organization|{}|["word_forms"]
couple|n|ˈkʌpəl|1|daily|a couple of;married couple|{}|["word_forms"]
kid|n|kɪd|1|family|little kid;kids' room|{}|["word_forms"]
itself|pron|ɪtˈsɛlf|1|linking|by itself;in itself|{}|["pronouns"]
percent|n|pɚˈsɛnt|1|daily|ten percent;percent of|{}|["word_forms"]
focus|v|ˈfoʊkəs|1|open_actions|focus on;main focus|{}|["word_forms"]
single|adj|ˈsɪŋɡəl|1|describing|single room;every single day|{}|["word_forms"]
technology|n|tɛkˈnɑlədʒi|1|tech|new technology;information technology|{"plural": "technologies"}|["word_forms"]
effort|n|ˈɛfɚt|1|daily|make an effort;great effort|{}|["word_forms"]
century|n|ˈsɛntʃəri|1|daily|21st century;last century|{"plural": "centuries"}|["word_forms"]
exist|v|ɪɡˈzɪst|1|open_actions|still exist;no longer exist|{}|["word_forms"]
leader|n|ˈlidɚ|1|daily|team leader;world leader|{}|["word_forms"]
president|n|ˈprɛzɪdənt|1|legal|vice president;company president|{}|["word_forms"]
police|n|pəˈlis|1|legal|police officer;call the police|{}|["word_forms"]
poor|adj|pʊr|1|describing|poor quality;poor country|{}|["word_forms"]
arm|n|ɑrm|1|health|broken arm;arm in arm|{}|["word_forms"]
simply|adv|ˈsɪmpli|1|daily|simply put;quite simply|{}|["word_forms"]
cell|n|sɛl|1|health|cell phone;blood cell|{}|["word_forms"]
surprise|n|sɚˈpraɪz|1|daily|big surprise;surprise party|{}|["word_forms"]
feature|n|ˈfitʃɚ|1|daily|key feature;new feature|{}|["word_forms"]
recently|adv|ˈrisəntli|1|daily|until recently;recently opened|{}|["word_forms"]
everyone|pron|ˈɛvriwʌn|1|linking|everyone else;hello everyone|{}|["pronouns"]
page|n|peɪdʒ|1|daily|front page;web page|{}|["word_forms"]
international|adj|ˌɪntɚˈnæʃənəl|1|describing|international flight;international student|{}|["word_forms"]
myself|pron|maɪˈsɛlf|1|linking|by myself;enjoy myself|{}|["pronouns"]
exactly|adv|ɪɡˈzæktli|1|daily|exactly the same;not exactly|{}|["word_forms"]
plant|n|plænt|1|environment|water the plants;power plant|{}|["word_forms"]
worker|n|ˈwɝkɚ|1|work_study_core|office worker;hard worker|{}|["word_forms"]
whatever|pron|wʌtˈɛvɚ|1|linking|whatever you want;whatever happens|{}|["pronouns"]
respect|v|rɪˈspɛkt|1|open_actions|respect others;show respect|{}|["word_forms"]
management|n|ˈmænɪdʒmənt|1|work_study_core|time management;senior management|{}|["word_forms"]
behavior|n|bɪˈheɪvjɚ|1|daily|good behavior;bad behavior|{}|["word_forms"]
production|n|prəˈdʌkʃən|1|work_study_core|food production;production line|{}|["word_forms"]
player|n|ˈpleɪɚ|1|sports|football player;team player|{}|["word_forms"]
enter|v|ˈɛntɚ|1|open_actions|enter a room;enter your password|{}|["word_forms"]
drug|n|drʌɡ|1|health|drug use;new drug|{}|["word_forms"]
machine|n|məˈʃin|1|tech|washing machine;coffee machine|{}|["word_forms"]
anyone|pron|ˈɛniwʌn|1|linking|anyone else;if anyone|{}|["pronouns"]
analysis|n|əˈnæləsɪs|1|academic|data analysis;careful analysis|{"plural": "analyses"}|["word_forms"]
military|adj|ˈmɪləˌtɛri|1|describing|military service;military base|{}|["word_forms"]
hotel|n|hoʊˈtɛl|1|travel|hotel room;stay at a hotel|{}|["word_forms"]
nation|n|ˈneɪʃən|1|daily|the whole nation;United Nations|{}|["word_forms"]
link|n|lɪŋk|1|daily|click the link;strong link|{}|["word_forms"]
quickly|adv|ˈkwɪkli|1|daily|very quickly;move quickly|{}|["word_forms"]
television|n|ˈtɛləˌvɪʒən|1|media|watch television;on television|{}|["word_forms"]
yourself|pron|jɚˈsɛlf|1|linking|by yourself;take care of yourself|{}|["pronouns"]
village|n|ˈvɪlɪdʒ|1|travel|small village;village school|{}|["word_forms"]
investment|n|ɪnˈvɛstmənt|1|work_study_core|good investment;foreign investment|{}|["word_forms"]
file|n|faɪl|1|tech|save a file;open a file|{}|["word_forms"]
option|n|ˈɑpʃən|1|daily|another option;the best option|{}|["word_forms"]
refer|v|rɪˈfɝ|1|open_actions|refer to;refer someone to|{}|["word_forms"]
baby|n|ˈbeɪbi|1|animals|baby boy;newborn baby|{"plural": "babies"}|["word_forms"]
adult|n|əˈdʌlt|1|daily|young adult;adult ticket|{}|["word_forms"]
pattern|n|ˈpætɚn|1|daily|sleep pattern;regular pattern|{}|["word_forms"]
obviously|adv|ˈɑbviəsli|1|daily|obviously not;quite obviously|{}|["word_forms"]
unclear|adj|ʌnˈklɪr|1|describing|it is unclear;remain unclear|{}|["word_forms"]
separate|adj|ˈsɛpərət|1|describing|separate rooms;keep separate|{}|["word_forms"]
throughout|prep|θruˈaʊt|1|linking|throughout the day;throughout the year|{}|["conj_prep", "prep_time"]
disease|n|dɪˈziz|1|health|heart disease;serious disease|{}|["word_forms"]
basis|n|ˈbeɪsɪs|1|daily|on a daily basis;basis for|{"plural": "bases"}|["word_forms"]
encourage|v|ɪnˈkɝɪdʒ|1|open_actions|encourage someone to;strongly encourage|{}|["word_forms"]
restaurant|n|ˈrɛstərɑnt|1|daily|Italian restaurant;restaurant menu|{}|["word_forms"]
okay|adj|oʊˈkeɪ|1|describing|that's okay;feel okay|{}|["word_forms"]
daughter|n|ˈdɔtɚ|1|family|only daughter;eldest daughter|{}|["word_forms"]
mine|pron|maɪn|1|linking|a friend of mine;this is mine|{}|["pronouns"]
object|n|ˈɑbdʒɛkt|1|daily|small object;everyday object|{}|["word_forms"]
discover|v|dɪˈskʌvɚ|1|open_actions|discover the truth;discover new places|{}|["word_forms"]
extend|v|ɪkˈstɛnd|1|open_actions|extend a deadline;extend a visa|{}|["word_forms"]
facility|n|fəˈsɪləti|1|daily|sports facility;medical facility|{"plural": "facilities"}|["word_forms"]
clothes|n|kloʊz|1|daily|wear clothes;change clothes|{}|["word_forms"]
completely|adv|kəmˈplitli|1|daily|completely different;completely full|{}|["word_forms"]
easily|adv|ˈizəli|1|daily|easily find;quite easily|{}|["word_forms"]
dollar|n|ˈdɑlɚ|1|daily|ten dollars;dollar bill|{}|["word_forms"]
yeah|interj|jɛ|1|linking|yeah, sure;oh yeah|{}|[]
proposal|n|prəˈpoʊzəl|1|daily|business proposal;accept a proposal|{}|["word_forms"]
immediately|adv|ɪˈmidiətli|1|daily|start immediately;almost immediately|{}|["word_forms"]
traditional|adj|trəˈdɪʃənəl|1|describing|traditional food;traditional music|{}|["word_forms"]
herself|pron|hɚˈsɛlf|1|linking|by herself;hurt herself|{}|["pronouns"]
favorite|adj|ˈfeɪvərɪt|1|describing|favorite food;favorite color|{}|["word_forms"]
famous|adj|ˈfeɪməs|2|describing|world famous;famous for|{}|["word_forms"]
appropriate|adj|əˈproʊpriət|2|describing|appropriate clothes;appropriate for|{}|["word_forms"]
radio|n|ˈreɪdiˌoʊ|2|media|on the radio;radio station|{}|["word_forms"]
complex|adj|kəmˈplɛks|2|describing|complex problem;complex system|{}|["word_forms"]
text|n|tɛkst|2|media|send a text;read the text|{}|["word_forms"]
context|n|ˈkɑntɛkst|2|daily|in this context;cultural context|{}|["word_forms"]
directly|adv|dɪˈrɛktli|2|daily|directly to;speak directly|{}|["word_forms"]
sample|n|ˈsæmpəl|2|daily|free sample;blood sample|{}|["word_forms"]
video|n|ˈvɪdiˌoʊ|2|tech|watch a video;video call|{}|["word_forms"]
wonderful|adj|ˈwʌndɚfəl|2|describing|wonderful time;wonderful idea|{}|["word_forms"]
examine|v|ɪɡˈzæmɪn|2|open_actions|examine carefully;examine a patient|{}|["word_forms"]
display|v|dɪˈspleɪ|2|media|on display;display screen|{}|["word_forms"]
federal|adj|ˈfɛdərəl|2|legal|federal government;federal law|{}|["word_forms"]
reveal|v|rɪˈvil|2|open_actions|reveal a secret;reveal the truth|{}|["word_forms"]
crime|n|kraɪm|2|legal|commit a crime;crime rate|{}|["word_forms"]
decade|n|ˈdɛkeɪd|2|daily|past decade;for decades|{}|["word_forms"]
warn|v|wɔrn|2|open_actions|warn someone about;warn of|{}|["word_forms"]
institution|n|ˌɪnstɪˈtuʃən|2|daily|financial institution;educational institution|{}|["word_forms"]
eventually|adv|ɪˈvɛntʃuəli|2|daily|eventually agree;will eventually|{}|["word_forms"]
excite|v|ɪkˈsaɪt|2|open_actions|be excited about;excite the crowd|{}|["word_forms"]
taxi|n|ˈtæksi|2|travel|take a taxi;taxi driver|{}|["word_forms"]
sector|n|ˈsɛktɚ|2|daily|private sector;public sector|{}|["word_forms"]
ensure|v|ɪnˈʃʊr|2|open_actions|ensure safety;ensure that|{}|["word_forms"]
labor|n|ˈleɪbɚ|2|work_study_core|labor market;cheap labor|{}|["word_forms"]
excellent|adj|ˈɛksələnt|2|describing|excellent service;excellent idea|{}|["word_forms"]
edge|n|ɛdʒ|2|daily|edge of the table;sharp edge|{}|["word_forms"]
email|n|ˈimeɪl|2|tech|send an email;email address|{}|["word_forms"]
global|adj|ˈɡloʊbəl|2|describing|global warming;global market|{}|["word_forms"]
select|v|sɪˈlɛkt|2|open_actions|select an option;carefully select|{}|["word_forms"]
surround|v|səˈraʊnd|2|open_actions|be surrounded by;surround the house|{}|["word_forms"]
fully|adv|ˈfʊli|2|daily|fully booked;fully understand|{}|["word_forms"]
conflict|n|ˈkɑnflɪkt|2|daily|armed conflict;conflict between|{}|["word_forms"]
entire|adj|ɪnˈtaɪɚ|2|describing|the entire day;the entire world|{}|["word_forms"]
gas|n|ɡæs|2|daily|gas station;natural gas|{}|["word_forms"]
category|n|ˈkætəˌɡɔri|2|daily|in the category of;main category|{"plural": "categories"}|["word_forms"]
defense|n|dɪˈfɛns|2|daily|self defense;defense team|{}|["word_forms"]
nuclear|adj|ˈnukliɚ|2|describing|nuclear power;nuclear weapon|{}|["word_forms"]
driver|n|ˈdraɪvɚ|2|travel|bus driver;taxi driver|{}|["word_forms"]
introduction|n|ˌɪntrəˈdʌkʃən|2|daily|brief introduction;introduction to|{}|["word_forms"]
senior|adj|ˈsinjɚ|2|describing|senior manager;senior citizen|{}|["word_forms"]
photo|n|ˈfoʊtoʊ|2|media|take a photo;family photo|{}|["word_forms"]
refuse|v|rɪˈfjuz|2|open_actions|refuse to;refuse an offer|{}|["word_forms"]
transport|n|ˈtrænspɔrt|2|daily|public transport;means of transport|{}|["word_forms"]
emerge|v|ɪˈmɝdʒ|2|open_actions|emerge from;new problems emerge|{}|["word_forms"]
concept|n|ˈkɑnsɛpt|2|academic|basic concept;new concept|{}|["word_forms"]
left|adj|lɛft|2|describing|turn left;left hand|{}|["word_forms"]
solve|v|sɑlv|2|open_actions|solve a problem;solve a puzzle|{}|["word_forms"]
technique|n|tɛkˈnik|2|daily|new technique;cooking technique|{}|["word_forms"]
tool|n|tul|2|daily|useful tool;power tool|{}|["word_forms"]
combine|v|kəmˈbaɪn|2|open_actions|combine with;combine work and study|{}|["word_forms"]
hide|v|haɪd|2|open_actions|hide something;hide from|{"past": "hid", "pp": "hidden"}|["word_forms"]
plus|prep|plʌs|2|linking|two plus two;plus tax|{}|["conj_prep", "prep_time"]
extremely|adv|ɪkˈstrimli|2|daily|extremely hot;extremely important|{}|["word_forms"]
owner|n|ˈoʊnɚ|2|daily|car owner;business owner|{}|["word_forms"]
connect|v|kəˈnɛkt|2|open_actions|connect to the internet;connect with|{}|["word_forms"]
cultural|adj|ˈkʌltʃərəl|2|describing|cultural differences;cultural event|{}|["word_forms"]
unfortunately|adv|ʌnˈfɔrtʃənətli|2|daily|unfortunately not;but unfortunately|{}|["word_forms"]
chapter|n|ˈtʃæptɚ|2|education|first chapter;new chapter|{}|["word_forms"]
apparently|adv|əˈpærəntli|2|daily|apparently not;apparently so|{}|["word_forms"]
burn|v|bɝn|2|open_actions|burn wood;burn calories|{}|["word_forms"]
initial|adj|ɪˈnɪʃəl|2|describing|initial idea;initial stage|{}|["word_forms"]
mostly|adv|ˈmoʊstli|2|daily|mostly sunny;mostly young people|{}|["word_forms"]
currently|adv|ˈkɝəntli|2|daily|currently working;currently available|{}|["word_forms"]
beach|n|bitʃ|2|travel|on the beach;sandy beach|{}|["word_forms"]
powerful|adj|ˈpaʊɚfəl|2|describing|powerful engine;powerful person|{}|["word_forms"]
aid|n|eɪd|2|daily|first aid;financial aid|{}|["word_forms"]
engineer|n|ˌɛndʒəˈnɪr|2|daily|software engineer;civil engineer|{}|["word_forms"]
investigation|n|ɪnˌvɛstəˈɡeɪʃən|2|daily|police investigation;under investigation|{}|["word_forms"]
expand|v|ɪkˈspænd|2|open_actions|expand a business;expand quickly|{}|["word_forms"]
commit|v|kəˈmɪt|2|open_actions|commit a crime;commit to|{}|["word_forms"]
relatively|adv|ˈrɛlətɪvli|2|daily|relatively easy;relatively small|{}|["word_forms"]
district|n|ˈdɪstrɪkt|2|city|school district;business district|{}|["word_forms"]
tire|v|taɪɚ|2|open_actions|tire easily;tire someone out|{}|["word_forms"]
enable|v|ɪˈneɪbəl|2|open_actions|enable someone to;enable access|{}|["word_forms"]
convince|v|kənˈvɪns|2|open_actions|convince someone to;try to convince|{}|["word_forms"]
environmental|adj|ɪnˌvaɪrənˈmɛntəl|2|environment|environmental problems;environmental protection|{}|["word_forms"]
volume|n|ˈvɑljum|2|daily|turn up the volume;sales volume|{}|["word_forms"]
monitor|v|ˈmɑnɪtɚ|2|open_actions|monitor progress;closely monitor|{}|["word_forms"]
finance|n|ˈfaɪnæns|2|work_study_core|personal finance;finance department|{}|["word_forms"]
carefully|adv|ˈkɛrfəli|2|daily|listen carefully;drive carefully|{}|["word_forms"]
pack|v|pæk|2|open_actions|pack a bag;pack your things|{}|["word_forms"]
theater|n|ˈθiətɚ|2|entertainment|movie theater;go to the theater|{}|["word_forms"]
visitor|n|ˈvɪzɪtɚ|2|daily|foreign visitor;visitor center|{}|["word_forms"]
objective|n|əbˈdʒɛktɪv|2|daily|main objective;achieve an objective|{}|["word_forms"]
moreover|adv|mɔrˈoʊvɚ|2|daily|moreover, it is;and moreover|{}|["word_forms"]
onto|prep|ˈɑntu|2|linking|jump onto;climb onto|{}|["conj_prep", "prep_time"]
scientist|n|ˈsaɪəntɪst|2|academic|computer scientist;research scientist|{}|["word_forms"]
bomb|n|bɑm|2|daily|bomb attack;atomic bomb|{}|["word_forms"]
normally|adv|ˈnɔrməli|2|daily|normally open;normally take|{}|["word_forms"]
delivery|n|dɪˈlɪvəri|2|daily|free delivery;home delivery|{}|["word_forms"]
basically|adv|ˈbeɪsɪkli|2|daily|basically the same;basically true|{}|["word_forms"]
mainly|adv|ˈmeɪnli|2|daily|mainly because;mainly used|{}|["word_forms"]
gun|n|ɡʌn|2|daily|carry a gun;gun control|{}|["word_forms"]
familiar|adj|fəˈmɪljɚ|2|describing|familiar face;familiar with|{}|["word_forms"]
locate|v|ˈloʊkeɪt|2|open_actions|be located in;locate the problem|{}|["word_forms"]
citizen|n|ˈsɪtɪzən|2|daily|senior citizen;local citizen|{}|["word_forms"]
troop|n|trup|2|daily|send troops;troop of soldiers|{}|["word_forms"]
corporate|adj|ˈkɔrpərət|2|describing|corporate office;corporate culture|{}|["word_forms"]
tear|v|tɛr|2|open_actions|tear paper;tear open|{"past": "tore", "pp": "torn"}|["word_forms"]
border|n|ˈbɔrdɚ|2|daily|cross the border;border control|{}|["word_forms"]
assessment|n|əˈsɛsmənt|2|daily|risk assessment;final assessment|{}|["word_forms"]
shoe|n|ʃu|2|daily|running shoes;pair of shoes|{}|["word_forms"]
ad|n|æd|2|daily|online ad;place an ad|{}|["word_forms"]
hall|n|hɔl|2|daily|concert hall;city hall|{}|["word_forms"]
studio|n|ˈstudiˌoʊ|2|daily|recording studio;studio apartment|{}|["word_forms"]
component|n|kəmˈpoʊnənt|2|tech|key component;main component|{}|["word_forms"]
suspect|v|səˈspɛkt|2|open_actions|suspect that;strongly suspect|{}|["word_forms"]
industrial|adj|ɪnˈdʌstriəl|2|describing|industrial area;industrial city|{}|["word_forms"]
assess|v|əˈsɛs|2|open_actions|assess the risk;assess progress|{}|["word_forms"]
explore|v|ɪkˈsplɔr|2|open_actions|explore the city;explore ideas|{}|["word_forms"]
leadership|n|ˈlidɚʃɪp|2|daily|strong leadership;leadership skills|{}|["word_forms"]
commitment|n|kəˈmɪtmənt|2|daily|make a commitment;strong commitment|{}|["word_forms"]
slowly|adv|ˈsloʊli|2|daily|walk slowly;speak slowly|{}|["word_forms"]
literature|n|ˈlɪtərətʃɚ|2|education|English literature;classic literature|{}|["word_forms"]
threaten|v|ˈθrɛtən|2|open_actions|threaten to;threaten someone|{}|["word_forms"]
amaze|v|əˈmeɪz|2|open_actions|be amazed by;never fail to amaze|{}|["word_forms"]
label|n|ˈleɪbəl|2|daily|price label;read the label|{}|["word_forms"]
investigate|v|ɪnˈvɛstəˌɡeɪt|2|open_actions|investigate a case;investigate further|{}|["word_forms"]
recommendation|n|ˌrɛkəmɛnˈdeɪʃən|2|daily|make a recommendation;letter of recommendation|{}|["word_forms"]
resident|n|ˈrɛzɪdənt|2|daily|local resident;permanent resident|{}|["word_forms"]
concentrate|v|ˈkɑnsənˌtreɪt|2|open_actions|concentrate on;hard to concentrate|{}|["word_forms"]
entirely|adv|ɪnˈtaɪɚli|2|daily|entirely different;entirely new|{}|["word_forms"]
strongly|adv|ˈstrɔŋli|2|daily|strongly agree;strongly believe|{}|["word_forms"]
consist|v|kənˈsɪst|2|open_actions|consist of;mainly consist of|{}|["word_forms"]
insist|v|ɪnˈsɪst|2|open_actions|insist on;insist that|{}|["word_forms"]
abuse|n|əˈbjus|2|daily|drug abuse;child abuse|{}|["word_forms"]
ice|n|aɪs|2|environment|ice cream;thin ice|{}|["word_forms"]
definitely|adv|ˈdɛfənətli|2|daily|definitely not;will definitely|{}|["word_forms"]
nevertheless|adv|ˌnɛvɚðəˈlɛs|2|daily|but nevertheless;nevertheless, we|{}|["word_forms"]
predict|v|prɪˈdɪkt|2|open_actions|predict the future;difficult to predict|{}|["word_forms"]
previously|adv|ˈpriviəsli|2|daily|as previously mentioned;previously unknown|{}|["word_forms"]
shot|n|ʃɑt|2|sports|take a shot;good shot|{}|["word_forms"]
theme|n|θim|2|daily|main theme;theme park|{}|["word_forms"]
judgment|n|ˈdʒʌdʒmənt|2|daily|good judgment;make a judgment|{}|["word_forms"]
odd|adj|ɑd|2|describing|odd number;odd behavior|{}|["word_forms"]
definition|n|ˌdɛfəˈnɪʃən|2|academic|clear definition;by definition|{}|["word_forms"]
farmer|n|ˈfɑrmɚ|2|daily|rice farmer;local farmer|{}|["word_forms"]
identity|n|aɪˈdɛntəti|2|daily|identity card;national identity|{"plural": "identities"}|["word_forms"]
seriously|adv|ˈsɪriəsli|2|daily|take seriously;seriously ill|{}|["word_forms"]
investor|n|ɪnˈvɛstɚ|2|daily|foreign investor;private investor|{}|["word_forms"]
lovely|adj|ˈlʌvli|2|describing|lovely day;lovely view|{}|["word_forms"]
youth|n|juθ|2|family|youth club;in my youth|{}|["word_forms"]
increasingly|adv|ɪnˈkrisɪŋli|2|daily|increasingly popular;increasingly difficult|{}|["word_forms"]
ourselves|pron|ˌaʊɚˈsɛlvz|2|linking|by ourselves;enjoy ourselves|{}|["pronouns"]
conservative|adj|kənˈsɝvətɪv|2|describing|conservative party;conservative estimate|{}|["word_forms"]
honor|n|ˈɑnɚ|2|daily|in honor of;great honor|{}|["word_forms"]
outcome|n|ˈaʊtˌkʌm|2|daily|final outcome;positive outcome|{}|["word_forms"]
explanation|n|ˌɛkspləˈneɪʃən|2|daily|clear explanation;give an explanation|{}|["word_forms"]
dad|n|dæd|2|family|my dad;mom and dad|{}|["word_forms"]
suitable|adj|ˈsutəbəl|2|describing|suitable for;suitable time|{}|["word_forms"]
mail|n|meɪl|2|daily|send by mail;check your mail|{}|["word_forms"]
researcher|n|ˈrisɝtʃɚ|2|academic|medical researcher;young researcher|{}|["word_forms"]
personality|n|ˌpɝsəˈnæləti|2|daily|strong personality;friendly personality|{}|["word_forms"]
specifically|adv|spəˈsɪfɪkli|2|daily|specifically for;more specifically|{}|["word_forms"]
fellow|adj|ˈfɛloʊ|2|describing|fellow students;fellow workers|{}|["word_forms"]
chairman|n|ˈtʃɛrmən|2|daily|company chairman;chairman of the board|{}|["word_forms"]
disappear|v|ˌdɪsəˈpɪr|2|open_actions|disappear from;suddenly disappear|{}|["word_forms"]
significantly|adv|sɪɡˈnɪfɪkəntli|2|daily|significantly higher;increase significantly|{}|["word_forms"]
instruction|n|ɪnˈstrʌkʃən|2|education|follow instructions;clear instructions|{}|["word_forms"]
intelligence|n|ɪnˈtɛlədʒəns|2|daily|artificial intelligence;high intelligence|{}|["word_forms"]
cat|n|kæt|2|animals|pet cat;black cat|{}|["word_forms"]
joint|n|dʒɔɪnt|2|daily|knee joint;joint account|{}|["word_forms"]
poll|n|poʊl|2|daily|opinion poll;online poll|{}|["word_forms"]
reduction|n|rɪˈdʌkʃən|2|daily|price reduction;tax reduction|{}|["word_forms"]
bore|v|bɔr|2|open_actions|be bored with;bore someone|{}|["word_forms"]
phase|n|feɪz|2|daily|first phase;final phase|{}|["word_forms"]
ban|v|bæn|2|open_actions|ban smoking;ban on|{}|["word_forms"]
protest|v|prəˈtɛst|2|open_actions|protest against;peaceful protest|{}|["word_forms"]
frequently|adv|ˈfrikwəntli|2|daily|frequently asked questions;happen frequently|{}|["word_forms"]
helpful|adj|ˈhɛlpfəl|2|describing|very helpful;helpful advice|{}|["word_forms"]
sick|adj|sɪk|2|health|feel sick;sick leave|{}|["word_forms"]
coast|n|koʊst|2|travel|east coast;along the coast|{}|["word_forms"]
multiple|adj|ˈmʌltəpəl|2|describing|multiple choice;multiple times|{}|["word_forms"]
via|prep|ˈvaɪə|2|linking|via email;travel via|{}|["conj_prep", "prep_time"]
legislation|n|ˌlɛdʒɪˈsleɪʃən|2|legal|new legislation;pass legislation|{}|["word_forms"]
county|n|ˈkaʊnti|2|city|county council;county road|{"plural": "counties"}|["word_forms"]
mobile|adj|ˈmoʊbəl|2|tech|mobile phone;mobile app|{}|["word_forms"]
everywhere|adv|ˈɛvriˌwɛr|2|daily|look everywhere;everywhere you go|{}|["word_forms"]
reward|n|rɪˈwɔrd|2|daily|get a reward;reward for|{}|["word_forms"]
voter|n|ˈvoʊtɚ|2|legal|young voters;first-time voter|{}|["word_forms"]
meanwhile|adv|ˈminˌwaɪl|2|daily|in the meanwhile;meanwhile, at home|{}|["word_forms"]
furthermore|adv|ˈfɝðɚˌmɔr|2|daily|furthermore, the;and furthermore|{}|["word_forms"]
construct|v|kənˈstrʌkt|2|open_actions|construct a bridge;construct a building|{}|["word_forms"]
professor|n|prəˈfɛsɚ|2|education|university professor;history professor|{}|["word_forms"]
intention|n|ɪnˈtɛnʃən|2|daily|good intention;have no intention of|{}|["word_forms"]
settlement|n|ˈsɛtəlmənt|2|daily|reach a settlement;small settlement|{}|["word_forms"]
widely|adv|ˈwaɪdli|2|daily|widely used;widely known|{}|["word_forms"]
equally|adv|ˈikwəli|2|daily|equally important;share equally|{}|["word_forms"]
variable|adj|ˈvɛriəbəl|2|describing|variable weather;variable cost|{}|["word_forms"]
enormous|adj|ɪˈnɔrməs|2|describing|enormous amount;enormous success|{}|["word_forms"]
emotion|n|ɪˈmoʊʃən|2|daily|strong emotion;show emotion|{}|["word_forms"]
urge|v|ɝdʒ|2|open_actions|urge someone to;strongly urge|{}|["word_forms"]
priority|n|praɪˈɔrəti|2|daily|top priority;set priorities|{"plural": "priorities"}|["word_forms"]
stable|adj|ˈsteɪbəl|2|describing|stable job;stable condition|{}|["word_forms"]
merely|adv|ˈmɪrli|2|daily|merely a;not merely|{}|["word_forms"]
producer|n|prəˈdusɚ|2|daily|film producer;oil producer|{}|["word_forms"]
regional|adj|ˈridʒənəl|2|describing|regional office;regional manager|{}|["word_forms"]
childhood|n|ˈtʃaɪldˌhʊd|2|daily|happy childhood;childhood memories|{}|["word_forms"]
accompany|v|əˈkʌmpəni|2|open_actions|accompany someone;be accompanied by|{}|["word_forms"]
politician|n|ˌpɑləˈtɪʃən|2|daily|local politician;senior politician|{}|["word_forms"]
illustrate|v|ˈɪləˌstreɪt|2|open_actions|illustrate a point;illustrate a book|{}|["word_forms"]
lake|n|leɪk|2|environment|by the lake;swim in the lake|{}|["word_forms"]
qualify|v|ˈkwɑləˌfaɪ|2|open_actions|qualify for;qualify as|{}|["word_forms"]
competitive|adj|kəmˈpɛtətɪv|2|describing|competitive price;highly competitive|{}|["word_forms"]
hi|interj|haɪ|2|linking|say hi;hi there|{}|[]
disk|n|dɪsk|2|tech|hard disk;disk space|{}|["word_forms"]
emotional|adj|ɪˈmoʊʃənəl|2|describing|emotional support;emotional moment|{}|["word_forms"]
aircraft|n|ˈɛrˌkræft|2|travel|military aircraft;passenger aircraft|{"plural": "aircraft"}|["word_forms"]
metal|n|ˈmɛtəl|2|daily|heavy metal;metal box|{}|["word_forms"]
panel|n|ˈpænəl|2|tech|solar panel;control panel|{}|["word_forms"]
prime|adj|praɪm|2|describing|prime minister;prime time|{}|["word_forms"]
emphasize|v|ˈɛmfəˌsaɪz|2|open_actions|emphasize the importance;strongly emphasize|{}|["word_forms"]
maximum|n|ˈmæksɪməm|2|daily|maximum speed;to the maximum|{}|["word_forms"]
effectively|adv|ɪˈfɛktɪvli|2|daily|work effectively;communicate effectively|{}|["word_forms"]
elsewhere|adv|ˈɛlsˌwɛr|2|daily|look elsewhere;go elsewhere|{}|["word_forms"]
bother|v|ˈbɑðɚ|2|open_actions|don't bother;sorry to bother you|{}|["word_forms"]
gray|adj|ɡreɪ|2|describing|gray hair;gray sky|{}|["word_forms"]
complicate|v|ˈkɑmpləˌkeɪt|2|open_actions|complicate matters;complicate things|{}|["word_forms"]
disappoint|v|ˌdɪsəˈpɔɪnt|2|open_actions|be disappointed with;disappoint someone|{}|["word_forms"]
boss|n|bɔs|2|daily|my boss;new boss|{}|["word_forms"]
assumption|n|əˈsʌmpʃən|2|daily|make an assumption;basic assumption|{}|["word_forms"]
freeze|v|friz|2|open_actions|freeze food;freeze to death|{"past": "froze", "pp": "frozen"}|["word_forms"]
mechanism|n|ˈmɛkəˌnɪzəm|2|daily|safety mechanism;defense mechanism|{}|["word_forms"]
democracy|n|dɪˈmɑkrəsi|2|daily|modern democracy;support democracy|{}|["word_forms"]
concentration|n|ˌkɑnsənˈtreɪʃən|2|daily|lose concentration;deep concentration|{}|["word_forms"]
implication|n|ˌɪmpləˈkeɪʃən|2|daily|serious implications;implications for|{}|["word_forms"]
unusual|adj|ʌnˈjuʒuəl|2|describing|unusual situation;highly unusual|{}|["word_forms"]
classic|adj|ˈklæsɪk|2|describing|classic film;classic example|{}|["word_forms"]
king|n|kɪŋ|2|daily|the king of;king and queen|{}|["word_forms"]
collapse|v|kəˈlæps|2|open_actions|suddenly collapse;the building collapsed|{}|["word_forms"]
presidential|adj|ˌprɛzɪˈdɛnʃəl|2|describing|presidential election;presidential candidate|{}|["word_forms"]
perfectly|adv|ˈpɝfɪktli|2|daily|perfectly fine;fit perfectly|{}|["word_forms"]
enhance|v|ɪnˈhæns|2|open_actions|enhance quality;greatly enhance|{}|["word_forms"]
educational|adj|ˌɛdʒəˈkeɪʃənəl|2|describing|educational program;educational toy|{}|["word_forms"]
substantial|adj|səbˈstænʃəl|2|describing|substantial amount;substantial increase|{}|["word_forms"]
manufacturer|n|ˌmænjəˈfæktʃərɚ|2|daily|car manufacturer;leading manufacturer|{}|["word_forms"]
personally|adv|ˈpɝsənəli|2|daily|personally believe;take it personally|{}|["word_forms"]
cope|v|koʊp|2|open_actions|cope with;cope well|{}|["word_forms"]
highlight|v|ˈhaɪˌlaɪt|2|open_actions|highlight the problem;highlight the text|{}|["word_forms"]
corporation|n|ˌkɔrpəˈreɪʃən|2|work_study_core|large corporation;multinational corporation|{}|["word_forms"]
winner|n|ˈwɪnɚ|2|daily|the winner of;lottery winner|{}|["word_forms"]
encounter|v|ɪnˈkaʊntɚ|2|open_actions|encounter problems;encounter difficulties|{}|["word_forms"]
excuse|n|ɪkˈskjus|2|daily|make an excuse;good excuse|{}|["word_forms"]
partly|adv|ˈpɑrtli|2|daily|partly cloudy;partly because|{}|["word_forms"]
tennis|n|ˈtɛnɪs|2|sports|play tennis;tennis court|{}|["word_forms"]
urban|adj|ˈɝbən|2|city|urban area;urban life|{}|["word_forms"]
confuse|v|kənˈfjuz|2|open_actions|confuse with;get confused|{}|["word_forms"]
southern|adj|ˈsʌðɚn|2|describing|southern part;southern coast|{}|["word_forms"]
occupy|v|ˈɑkjəˌpaɪ|2|open_actions|occupy space;occupy time|{}|["word_forms"]
illness|n|ˈɪlnəs|2|health|serious illness;mental illness|{}|["word_forms"]
originally|adv|əˈrɪdʒənəli|2|daily|originally from;originally planned|{}|["word_forms"]
secondly|adv|ˈsɛkəndli|2|daily|firstly and secondly;secondly, we|{}|["word_forms"]
severe|adj|səˈvɪr|2|describing|severe weather;severe pain|{}|["word_forms"]
gene|n|dʒin|2|daily|gene therapy;human gene|{}|["word_forms"]
snow|n|snoʊ|2|environment|heavy snow;snow falls|{}|["word_forms"]
criteria|n|kraɪˈtɪriə|2|academic|meet the criteria;selection criteria|{"singular": "criterion"}|["word_forms"]
primarily|adv|praɪˈmɛrəli|2|daily|primarily for;primarily because|{}|["word_forms"]
integrate|v|ˈɪntəˌɡreɪt|2|open_actions|integrate into;fully integrate|{}|["word_forms"]
criticism|n|ˈkrɪtəˌsɪzəm|2|daily|face criticism;strong criticism|{}|["word_forms"]
sequence|n|ˈsikwəns|2|academic|in sequence;sequence of events|{}|["word_forms"]
rural|adj|ˈrʊrəl|2|describing|rural area;rural life|{}|["word_forms"]
rapidly|adv|ˈræpɪdli|2|daily|grow rapidly;change rapidly|{}|["word_forms"]
premise|n|ˈprɛmɪs|2|daily|on the premises;basic premise|{}|["word_forms"]
dramatic|adj|drəˈmætɪk|2|describing|dramatic change;dramatic increase|{}|["word_forms"]
protein|n|ˈproʊˌtin|2|health|high protein;protein source|{}|["word_forms"]
bike|n|baɪk|2|sports|ride a bike;bike lane|{}|["word_forms"]
intellectual|adj|ˌɪntəˈlɛktʃuəl|2|describing|intellectual property;intellectual ability|{}|["word_forms"]
unemployment|n|ˌʌnɪmˈplɔɪmənt|2|daily|unemployment rate;high unemployment|{}|["word_forms"]
interpretation|n|ɪnˌtɝprəˈteɪʃən|2|academic|different interpretation;interpretation of|{}|["word_forms"]
drama|n|ˈdrɑmə|2|entertainment|TV drama;drama class|{}|["word_forms"]
educate|v|ˈɛdʒəˌkeɪt|2|open_actions|educate children;well educated|{}|["word_forms"]
exhibit|v|ɪɡˈzɪbɪt|2|open_actions|exhibit paintings;exhibit signs of|{}|["word_forms"]
dominate|v|ˈdɑməˌneɪt|3|open_business|dominate the market;dominate the conversation|{}|[]
typically|adv|ˈtɪpɪkli|3|open_connectors|typically cost;typically take|{}|[]
peer|n|pɪr|3|education|peer pressure;peer review|{}|[]
acquisition|n|ˌækwəˈzɪʃən|3|open_business|company acquisition;language acquisition|{}|[]
retirement|n|rɪˈtaɪɚmənt|3|hr|early retirement;retirement plan|{}|[]
respectively|adv|rɪˈspɛktɪvli|3|open_connectors|aged ten and twelve respectively;first and second respectively|{}|[]
variation|n|ˌvɛriˈeɪʃən|3|open_academic|slight variation;variation in price|{}|[]
ultimately|adv|ˈʌltəmətli|3|open_connectors|ultimately decide;ultimately responsible|{}|[]
preparation|n|ˌprɛpəˈreɪʃən|3|education|exam preparation;in preparation for|{}|[]
emphasis|n|ˈɛmfəsɪs|3|open_academic|put emphasis on;special emphasis|{"plural": "emphases"}|[]
entertainment|n|ˌɛntɚˈteɪnmənt|3|entertainment|live entertainment;entertainment industry|{}|[]
publication|n|ˌpʌblɪˈkeɪʃən|3|media|date of publication;weekly publication|{}|[]
framework|n|ˈfreɪmˌwɝk|3|open_academic|legal framework;basic framework|{}|[]
zone|n|zoʊn|3|city|time zone;parking zone|{}|[]
equivalent|n|ɪˈkwɪvələnt|3|open_academic|the equivalent of;exact equivalent|{}|[]
enterprise|n|ˈɛntɚˌpraɪz|3|open_business|small enterprise;private enterprise|{}|[]
elderly|adj|ˈɛldɚli|3|family|elderly people;elderly parents|{}|[]
contemporary|adj|kənˈtɛmpəˌrɛri|3|entertainment|contemporary art;contemporary music|{}|[]
gate|n|ɡeɪt|3|travel|boarding gate;garden gate|{}|[]
beer|n|bɪr|3|food|a glass of beer;cold beer|{}|[]
specialist|n|ˈspɛʃəlɪst|3|work_study_core|heart specialist;IT specialist|{}|[]
virtually|adv|ˈvɝtʃuəli|3|open_connectors|virtually impossible;virtually everyone|{}|[]
tension|n|ˈtɛnʃən|3|feelings|rising tension;tension between|{}|[]
cable|n|ˈkeɪbəl|3|tech|charging cable;cable TV|{}|[]
input|n|ˈɪnˌpʊt|3|tech|user input;valuable input|{}|[]
isolate|v|ˈaɪsəˌleɪt|3|health|isolate a patient;feel isolated|{}|[]
eliminate|v|ɪˈlɪməˌneɪt|3|work_study_core|eliminate waste;eliminate the risk|{}|[]
welfare|n|ˈwɛlˌfɛr|3|health|animal welfare;social welfare|{}|[]
inspire|v|ɪnˈspaɪɚ|3|feelings|inspire people;be inspired by|{}|[]
crew|n|kru|3|travel|cabin crew;film crew|{}|[]
phenomenon|n|fəˈnɑməˌnɑn|3|open_academic|natural phenomenon;global phenomenon|{"plural": "phenomena"}|[]
pupil|n|ˈpjupəl|3|education|primary pupil;former pupil|{}|[]
formula|n|ˈfɔrmjələ|3|open_academic|math formula;simple formula|{"plural": "formulas"}|[]
alter|v|ˈɔltɚ|3|work_study_core|alter a plan;alter clothes|{}|[]
stare|v|stɛr|3|body|stare at;stare out of the window|{}|[]
hero|n|ˈhɪroʊ|3|entertainment|national hero;local hero|{"plural": "heroes"}|[]
supporter|n|səˈpɔrtɚ|3|sports|football supporter;strong supporter|{}|[]
meter|n|ˈmitɚ|3|time_numbers|square meter;parking meter|{}|[]
terrorist|n|ˈtɛrərɪst|3|media|terrorist attack;terrorist group|{}|[]
justify|v|ˈdʒʌstəˌfaɪ|3|work_study_core|justify a decision;hard to justify|{}|[]
fascinate|v|ˈfæsəˌneɪt|3|feelings|be fascinated by;fascinate children|{}|[]
guilty|adj|ˈɡɪlti|3|feelings|feel guilty;found guilty|{}|[]
underlie|v|ˌʌndɚˈlaɪ|3|open_academic|underlying cause;underlie the problem|{"past": "underlay", "pp": "underlain"}|[]
mom|n|mɑm|3|family|my mom;mom and dad|{}|[]
incorporate|v|ɪnˈkɔrpəˌreɪt|3|open_academic|incorporate ideas;incorporate into|{}|[]
pub|n|pʌb|3|hospitality|local pub;pub quiz|{}|[]
perception|n|pɚˈsɛpʃən|3|open_academic|public perception;perception of|{}|[]
database|n|ˈdeɪtəˌbeɪs|3|tech|customer database;online database|{}|[]
initially|adv|ɪˈnɪʃəli|3|open_connectors|initially planned;initially agree|{}|[]
territory|n|ˈtɛrəˌtɔri|3|open_academic|enemy territory;new territory|{"plural": "territories"}|[]
rarely|adv|ˈrɛrli|3|time_numbers|rarely see;very rarely|{}|[]
scare|v|skɛr|3|feelings|scare someone;be scared of|{}|[]
everyday|adj|ˈɛvriˌdeɪ|3|daily|everyday life;everyday English|{}|[]
essay|n|ˈɛseɪ|3|education|write an essay;short essay|{}|[]
scream|v|skrim|3|feelings|scream for help;scream loudly|{}|[]
disorder|n|dɪsˈɔrdɚ|3|health|eating disorder;sleep disorder|{}|[]
analyst|n|ˈænəlɪst|3|work_study_core|data analyst;financial analyst|{}|[]
transform|v|trænsˈfɔrm|3|work_study_core|completely transform;transform into|{}|[]
wound|n|wund|3|health|clean the wound;deep wound|{}|[]
restriction|n|rɪˈstrɪkʃən|3|legal|travel restriction;age restriction|{}|[]
designer|n|dɪˈzaɪnɚ|3|work_study_core|fashion designer;web designer|{}|[]
singer|n|ˈsɪŋɚ|3|entertainment|pop singer;lead singer|{}|[]
gradually|adv|ˈɡrædʒuəli|3|open_connectors|gradually improve;gradually increase|{}|[]
tank|n|tæŋk|3|home_basics|fuel tank;fish tank|{}|[]
remarkable|adj|rɪˈmɑrkəbəl|3|describing|remarkable progress;truly remarkable|{}|[]
transition|n|trænˈzɪʃən|3|open_academic|smooth transition;transition period|{}|[]
adjust|v|əˈdʒʌst|3|home_basics|adjust the seat;adjust to|{}|[]
creative|adj|kriˈeɪtɪv|3|feelings|creative thinking;creative writing|{}|[]
nowadays|adv|ˈnaʊəˌdeɪz|3|time_numbers|nowadays people;especially nowadays|{}|[]
poem|n|ˈpoʊəm|3|entertainment|write a poem;love poem|{}|[]
alcohol|n|ˈælkəˌhɔl|3|food|drink alcohol;alcohol free|{}|[]
planet|n|ˈplænɪt|3|environment|planet Earth;save the planet|{}|[]
extensive|adj|ɪkˈstɛnsɪv|3|describing|extensive research;extensive damage|{}|[]
independence|n|ˌɪndɪˈpɛndəns|3|open_academic|gain independence;financial independence|{}|[]
consult|v|kənˈsʌlt|3|health|consult a doctor;consult a dictionary|{}|[]
pink|adj|pɪŋk|3|clothes|pink dress;light pink|{}|[]
intervention|n|ˌɪntɚˈvɛnʃən|3|open_academic|early intervention;medical intervention|{}|[]
radical|adj|ˈrædɪkəl|3|describing|radical change;radical idea|{}|[]
similarly|adv|ˈsɪmələrli|3|open_connectors|similarly, the;react similarly|{}|[]
dimension|n|dɪˈmɛnʃən|3|open_academic|new dimension;three dimensions|{}|[]
subsequent|adj|ˈsʌbsəkwənt|3|open_academic|subsequent years;subsequent events|{}|[]
infection|n|ɪnˈfɛkʃən|3|health|ear infection;risk of infection|{}|[]
statistic|n|stəˈtɪstɪk|3|open_academic|official statistics;latest statistics|{}|[]
regularly|adv|ˈrɛɡjələrli|3|time_numbers|exercise regularly;meet regularly|{}|[]
iron|n|ˈaɪɚn|3|home_basics|steam iron;iron gate|{}|[]
ally|n|ˈæˌlaɪ|3|open_academic|close ally;political ally|{"plural": "allies"}|[]
quantity|n|ˈkwɑntəti|3|time_numbers|large quantity;quantity of|{"plural": "quantities"}|[]
bend|v|bɛnd|3|body|bend down;bend your knees|{"past": "bent", "pp": "bent"}|[]
mature|adj|məˈtʃʊr|3|feelings|mature student;very mature|{}|[]
briefly|adv|ˈbrifli|3|open_connectors|speak briefly;briefly explain|{}|[]
disturb|v|dɪˈstɝb|3|home_basics|do not disturb;sorry to disturb you|{}|[]
newly|adv|ˈnuli|3|open_connectors|newly built;newly married|{}|[]
boot|n|but|3|clothes|pair of boots;rain boots|{}|[]
desert|n|ˈdɛzɚt|3|weather|desert island;hot desert|{}|[]
mate|n|meɪt|3|family|best mate;flat mate|{}|[]
occasionally|adv|əˈkeɪʒənəli|3|time_numbers|only occasionally;occasionally visit|{}|[]
discovery|n|dɪˈskʌvəri|3|open_academic|scientific discovery;make a discovery|{"plural": "discoveries"}|[]
frequency|n|ˈfrikwənsi|3|open_academic|high frequency;frequency of|{"plural": "frequencies"}|[]
criticize|v|ˈkrɪtəˌsaɪz|3|media|criticize someone for;be criticized|{}|[]
attribute|n|ˈætrəˌbjut|3|open_academic|key attribute;personal attribute|{}|[]
entitle|v|ɪnˈtaɪtəl|3|legal|be entitled to;entitle someone to|{}|[]
involvement|n|ɪnˈvɑlvmənt|3|open_academic|direct involvement;parent involvement|{}|[]
edit|v|ˈɛdɪt|3|media|edit a video;edit the text|{}|[]
formation|n|fɔrˈmeɪʃən|3|open_academic|rock formation;formation of|{}|[]
overseas|adj|ˌoʊvɚˈsiz|3|travel|overseas students;overseas trip|{}|[]
advocate|n|ˈædvəkət|3|legal|strong advocate;advocate for|{}|[]
tube|n|tub|3|home_basics|tube of toothpaste;rubber tube|{}|[]
characterize|v|ˈkɛrɪktəˌraɪz|3|open_academic|be characterized by;characterize as|{}|[]
specify|v|ˈspɛsəˌfaɪ|3|office|specify the date;clearly specify|{"past": "specified", "pp": "specified"}|[]
operator|n|ˈɑpəˌreɪtɚ|3|work_study_core|machine operator;phone operator|{}|[]
infant|n|ˈɪnfənt|3|family|newborn infant;infant care|{}|[]
wrap|v|ræp|3|home_basics|wrap a gift;wrap up|{}|[]
specialize|v|ˈspɛʃəˌlaɪz|3|work_study_core|specialize in;highly specialized|{}|[]
precisely|adv|prɪˈsaɪsli|3|open_connectors|at precisely;precisely because|{}|[]
offense|n|əˈfɛns|3|legal|criminal offense;take offense|{}|[]
detect|v|dɪˈtɛkt|3|tech|detect smoke;detect a problem|{}|[]
teenager|n|ˈtinˌeɪdʒɚ|3|family|young teenager;as a teenager|{}|[]
moderate|adj|ˈmɑdərət|3|describing|moderate exercise;moderate price|{}|[]
musician|n|mjuˈzɪʃən|3|entertainment|street musician;talented musician|{}|[]
shower|n|ˈʃaʊɚ|3|home_basics|take a shower;hot shower|{}|[]
illegal|adj|ɪˈliɡəl|3|legal|illegal parking;illegal drugs|{}|[]
universal|adj|ˌjunəˈvɝsəl|3|describing|universal language;universal rule|{}|[]
cigarette|n|ˈsɪɡəˌrɛt|3|health|smoke a cigarette;pack of cigarettes|{}|[]
constitute|v|ˈkɑnstəˌtut|3|open_academic|constitute a risk;constitute a majority|{}|[]
adequate|adj|ˈædəkwət|3|describing|adequate time;adequate sleep|{}|[]
consultant|n|kənˈsʌltənt|3|work_study_core|business consultant;IT consultant|{}|[]
historian|n|hɪˈstɔriən|3|education|famous historian;art historian|{}|[]
visual|adj|ˈvɪʒuəl|3|describing|visual aid;visual effect|{}|[]
ethnic|adj|ˈɛθnɪk|3|open_academic|ethnic group;ethnic food|{}|[]
clinical|adj|ˈklɪnɪkəl|3|health|clinical trial;clinical care|{}|[]
eastern|adj|ˈistɚn|3|city|eastern coast;eastern part|{}|[]
segment|n|ˈsɛɡmənt|3|open_academic|market segment;segment of|{}|[]
sand|n|sænd|3|weather|white sand;sand castle|{}|[]
react|v|riˈækt|3|feelings|react quickly;react to|{}|[]
preference|n|ˈprɛfərəns|3|open_academic|personal preference;have a preference for|{}|[]
league|n|liɡ|3|sports|football league;top of the league|{}|[]
dialog|n|ˈdaɪəˌlɔɡ|3|education|open dialog;dialog box|{}|[]
opponent|n|əˈpoʊnənt|3|sports|strong opponent;political opponent|{}|[]
capability|n|ˌkeɪpəˈbɪləti|3|tech|technical capability;beyond your capability|{"plural": "capabilities"}|[]
correspond|v|ˌkɔrəˈspɑnd|3|open_academic|correspond to;correspond with|{}|[]
barrier|n|ˈbæriɚ|3|open_academic|language barrier;barrier to|{}|[]
frequent|adj|ˈfrikwənt|3|time_numbers|frequent visitor;frequent flights|{}|[]
survival|n|sɚˈvaɪvəl|3|open_academic|chance of survival;survival skills|{}|[]
counter|n|ˈkaʊntɚ|3|commerce|kitchen counter;check-in counter|{}|[]
valley|n|ˈvæli|3|weather|green valley;river valley|{}|[]
greatly|adv|ˈɡreɪtli|3|open_connectors|greatly appreciate;greatly improve|{}|[]
awareness|n|əˈwɛrnəs|3|open_academic|raise awareness;public awareness|{}|[]
wealthy|adj|ˈwɛlθi|3|finance|wealthy family;wealthy country|{}|[]
architecture|n|ˈɑrkəˌtɛktʃɚ|3|city|modern architecture;study architecture|{}|[]
acceptable|adj|əkˈsɛptəbəl|3|describing|perfectly acceptable;acceptable level|{}|[]
journal|n|ˈdʒɝnəl|3|media|keep a journal;medical journal|{}|[]
measurement|n|ˈmɛʒɚmənt|3|time_numbers|take measurements;exact measurement|{}|[]
successfully|adv|səkˈsɛsfəli|3|open_connectors|successfully complete;successfully launch|{}|[]
depress|v|dɪˈprɛs|3|feelings|feel depressed;depress prices|{}|[]
illustration|n|ˌɪləˈstreɪʃən|3|education|book illustration;clear illustration|{}|[]
privilege|n|ˈprɪvəlɪdʒ|3|open_academic|special privilege;a privilege to|{}|[]
buyer|n|ˈbaɪɚ|3|commerce|first-time buyer;find a buyer|{}|[]
motivate|v|ˈmoʊtəˌveɪt|3|feelings|motivate students;highly motivated|{}|[]
laboratory|n|ˈlæbrəˌtɔri|3|open_academic|science laboratory;laboratory test|{"plural": "laboratories"}|[]
fulfill|v|fʊlˈfɪl|3|feelings|fulfill a dream;fulfill a promise|{}|[]
dedicate|v|ˈdɛdəˌkeɪt|3|feelings|dedicate your life to;dedicate a song|{}|[]
evaluation|n|ɪˌvæljuˈeɪʃən|3|open_academic|performance evaluation;careful evaluation|{}|[]
opera|n|ˈɑpərə|3|entertainment|opera house;opera singer|{}|[]
embarrass|v|ɪmˈbærəs|3|feelings|feel embarrassed;embarrass someone|{}|[]
genetic|adj|dʒəˈnɛtɪk|3|health|genetic disease;genetic test|{}|[]
format|n|ˈfɔrˌmæt|3|tech|file format;new format|{}|[]
literary|adj|ˈlɪtəˌrɛri|3|education|literary prize;literary work|{}|[]
embrace|v|ɪmˈbreɪs|3|feelings|embrace change;embrace each other|{}|[]
publisher|n|ˈpʌblɪʃɚ|3|media|book publisher;online publisher|{}|[]
celebration|n|ˌsɛləˈbreɪʃən|3|events|birthday celebration;in celebration of|{}|[]
golf|n|ɡɑlf|3|sports|play golf;golf course|{}|[]
versus|prep|ˈvɝsəs|3|linking|home versus away;cost versus benefit|{}|[]
deficit|n|ˈdɛfəsɪt|3|finance|budget deficit;trade deficit|{}|[]
friendship|n|ˈfrɛndʃɪp|3|family|close friendship;lifelong friendship|{}|[]
profession|n|prəˈfɛʃən|3|work_study_core|medical profession;teaching profession|{}|[]
literally|adv|ˈlɪtərəli|3|open_connectors|literally translate;quite literally|{}|[]
equation|n|ɪˈkweɪʒən|3|open_academic|solve an equation;simple equation|{}|[]
entertain|v|ˌɛntɚˈteɪn|3|entertainment|entertain guests;entertain children|{}|[]
fantastic|adj|fænˈtæstɪk|3|feelings|fantastic news;absolutely fantastic|{}|[]
inflation|n|ɪnˈfleɪʃən|3|finance|high inflation;rate of inflation|{}|[]
injure|v|ˈɪndʒɚ|3|health|be injured;seriously injure|{}|[]
therapy|n|ˈθɛrəpi|3|health|physical therapy;speech therapy|{"plural": "therapies"}|[]
disagree|v|ˌdɪsəˈɡri|3|feelings|disagree with;strongly disagree|{}|[]
insight|n|ˈɪnˌsaɪt|3|open_academic|gain insight;insight into|{}|[]
tackle|v|ˈtækəl|3|work_study_core|tackle a problem;tackle the issue|{}|[]
forever|adv|fɚˈɛvɚ|3|time_numbers|last forever;take forever|{}|[]
exceed|v|ɪkˈsid|3|time_numbers|exceed the limit;exceed expectations|{}|[]
gear|n|ɡɪr|3|sports|camping gear;change gear|{}|[]
poet|n|ˈpoʊət|3|entertainment|famous poet;young poet|{}|[]
mixture|n|ˈmɪkstʃɚ|3|food|mixture of;cake mixture|{}|[]
automatically|adv|ˌɔtəˈmætɪkli|3|tech|turn off automatically;update automatically|{}|[]
scholar|n|ˈskɑlɚ|3|education|leading scholar;visiting scholar|{}|[]
psychological|adj|ˌsaɪkəˈlɑdʒɪkəl|3|health|psychological problem;psychological effect|{}|[]
dramatically|adv|drəˈmætɪkli|3|open_connectors|increase dramatically;change dramatically|{}|[]
partnership|n|ˈpɑrtnɚˌʃɪp|3|open_business|business partnership;in partnership with|{}|[]
participation|n|pɑrˌtɪsəˈpeɪʃən|3|events|active participation;participation in|{}|[]
penalty|n|ˈpɛnəlti|3|legal|pay a penalty;penalty kick|{"plural": "penalties"}|[]
chamber|n|ˈtʃeɪmbɚ|3|city|chamber music;council chamber|{}|[]
poetry|n|ˈpoʊətri|3|entertainment|write poetry;poetry book|{}|[]
chat|v|tʃæt|3|social|chat online;chat with friends|{}|[]
evolve|v|ɪˈvɑlv|3|open_academic|evolve over time;evolve into|{}|[]
abortion|n|əˈbɔrʃən|3|health|abortion law;abortion debate|{}|[]
boom|n|bum|3|finance|economic boom;baby boom|{}|[]
democratic|adj|ˌdɛməˈkrætɪk|3|open_academic|democratic country;democratic election|{}|[]
consequently|adv|ˈkɑnsəkwəntli|3|linking|and consequently;consequently, we|{}|[]
whilst|conj|waɪlst|3|linking|whilst waiting;whilst at work|{}|["conj_prep"]
constraint|n|kənˈstreɪnt|3|open_academic|time constraint;budget constraint|{}|[]
bin|n|bɪn|3|home_basics|rubbish bin;recycling bin|{}|[]
undergo|v|ˌʌndɚˈɡoʊ|3|health|undergo surgery;undergo changes|{"past": "underwent", "pp": "undergone"}|[]
potentially|adv|pəˈtɛnʃəli|3|open_connectors|potentially dangerous;potentially useful|{}|[]
diversity|n|daɪˈvɝsəti|3|open_academic|cultural diversity;diversity of|{}|[]
allege|v|əˈlɛdʒ|3|legal|allegedly stole;allege that|{}|[]
craft|n|kræft|3|entertainment|arts and crafts;craft fair|{}|[]
shell|n|ʃɛl|3|animals|sea shell;egg shell|{}|[]
humor|n|ˈhjumɚ|3|feelings|sense of humor;dry humor|{}|[]
limitation|n|ˌlɪməˈteɪʃən|3|open_academic|know your limitations;limitation on|{}|[]
indication|n|ˌɪndɪˈkeɪʃən|3|open_academic|clear indication;early indication|{}|[]
jail|n|dʒeɪl|3|legal|go to jail;in jail|{}|[]
trigger|v|ˈtrɪɡɚ|3|tech|trigger an alarm;trigger a reaction|{}|[]
guitar|n|ɡɪˈtɑr|3|entertainment|play the guitar;electric guitar|{}|[]
piano|n|piˈænoʊ|3|entertainment|play the piano;piano lesson|{}|[]
magic|n|ˈmædʒɪk|3|entertainment|magic trick;like magic|{}|[]
ski|v|skiː|3|sports|go skiing;ski resort|{}|[]
whisper|v|ˈwɪspɚ|3|body|whisper to;whisper softly|{}|[]
presumably|adv|prɪˈzuməbli|3|open_connectors|presumably because;presumably not|{}|[]
bless|v|blɛs|3|expressions|bless you;be blessed with|{}|[]
airline|n|ˈɛrˌlaɪn|3|travel|budget airline;airline ticket|{}|[]
amendment|n|əˈmɛndmənt|3|legal|make an amendment;amendment to|{}|[]
grandmother|n|ˈɡrænˌmʌðɚ|3|family|my grandmother;visit grandmother|{}|[]
cooperation|n|koʊˌɑpəˈreɪʃən|3|open_business|close cooperation;in cooperation with|{}|[]
regardless|adv|rɪˈɡɑrdləs|3|linking|regardless of;carry on regardless|{}|[]
racial|adj|ˈreɪʃəl|3|open_academic|racial equality;racial discrimination|{}|[]
hopefully|adv|ˈhoʊpfəli|3|expressions|hopefully soon;hopefully not|{}|[]
paragraph|n|ˈpærəˌɡræf|3|education|first paragraph;short paragraph|{}|[]
maker|n|ˈmeɪkɚ|3|home_basics|coffee maker;decision maker|{}|[]
chocolate|n|ˈtʃɔklət|3|food|hot chocolate;dark chocolate|{}|[]
stimulate|v|ˈstɪmjəˌleɪt|3|open_academic|stimulate growth;stimulate interest|{}|[]
belt|n|bɛlt|3|clothes|seat belt;leather belt|{}|[]
narrative|n|ˈnærətɪv|3|education|personal narrative;narrative writing|{}|[]
barely|adv|ˈbɛrli|3|open_connectors|barely enough;can barely|{}|[]
invent|v|ɪnˈvɛnt|3|tech|invent a machine;invent a story|{}|[]
tourism|n|ˈtʊˌrɪzəm|3|travel|tourism industry;mass tourism|{}|[]
pro|n|proʊ|3|expressions|pros and cons;turn pro|{}|[]
stair|n|stɛr|3|home_basics|climb the stairs;top of the stairs|{}|[]
hesitate|v|ˈhɛzəˌteɪt|3|feelings|don't hesitate to;hesitate before|{}|[]
motivation|n|ˌmoʊtəˈveɪʃən|3|feelings|lack of motivation;strong motivation|{}|[]
firmly|adv|ˈfɝmli|3|open_connectors|firmly believe;hold firmly|{}|[]
championship|n|ˈtʃæmpiənˌʃɪp|3|sports|world championship;win the championship|{}|[]
immigrant|n|ˈɪməɡrənt|3|open_academic|illegal immigrant;new immigrants|{}|[]
complexity|n|kəmˈplɛksəti|3|open_academic|the complexity of;increasing complexity|{}|[]
surprisingly|adv|sɚˈpraɪzɪŋli|3|open_connectors|surprisingly good;not surprisingly|{}|[]
extract|v|ɪkˈstrækt|3|health|extract oil;extract information|{}|[]
implementation|n|ˌɪmpləmɛnˈteɪʃən|3|open_business|full implementation;implementation of|{}|[]
stamp|n|stæmp|3|commerce|postage stamp;collect stamps|{}|[]
guideline|n|ˈɡaɪdˌlaɪn|3|work_study_core|follow the guidelines;safety guidelines|{}|[]
envelope|n|ˈɛnvəˌloʊp|3|office|sealed envelope;brown envelope|{}|[]
biological|adj|ˌbaɪəˈlɑdʒɪkəl|3|open_academic|biological parents;biological process|{}|[]
wherever|adv|wɛrˈɛvɚ|3|linking|wherever you go;wherever possible|{}|[]
printer|n|ˈprɪntɚ|3|tech|laser printer;printer ink|{}|[]
firstly|adv|ˈfɝstli|3|linking|firstly, we;firstly and secondly|{}|[]
exhaust|v|ɪɡˈzɔst|3|feelings|feel exhausted;exhaust yourself|{}|[]
quietly|adv|ˈkwaɪətli|3|open_connectors|speak quietly;quietly leave|{}|[]
castle|n|ˈkæsəl|3|travel|old castle;sand castle|{}|[]
veteran|n|ˈvɛtərən|3|open_academic|war veteran;veteran player|{}|[]
reflection|n|rɪˈflɛkʃən|3|open_academic|see your reflection;time for reflection|{}|[]
logic|n|ˈlɑdʒɪk|3|open_academic|simple logic;the logic of|{}|[]
controversial|adj|ˌkɑntrəˈvɝʃəl|3|media|controversial issue;highly controversial|{}|[]
hook|n|hʊk|3|home_basics|coat hook;off the hook|{}|[]
bell|n|bɛl|3|home_basics|ring the bell;school bell|{}|[]
panic|n|ˈpænɪk|3|feelings|in a panic;don't panic|{}|[]
uncle|n|ˈʌŋkəl|3|family|my uncle;aunt and uncle|{}|[]
happiness|n|ˈhæpinəs|3|feelings|bring happiness;true happiness|{}|[]
vessel|n|ˈvɛsəl|3|travel|fishing vessel;blood vessel|{}|[]
transportation|n|ˌtrænspɚˈteɪʃən|3|travel|public transportation;means of transportation|{}|[]
harbor|n|ˈhɑrbɚ|3|travel|fishing harbor;natural harbor|{}|[]
storage|n|ˈstɔrɪdʒ|3|home_basics|storage space;cloud storage|{}|[]
universe|n|ˈjunəˌvɝs|3|environment|the whole universe;center of the universe|{}|[]
portrait|n|ˈpɔrtrɪt|3|entertainment|paint a portrait;family portrait|{}|[]
innocent|adj|ˈɪnəsənt|3|legal|innocent people;prove innocent|{}|[]
substitute|n|ˈsʌbstəˌtut|3|work_study_core|substitute teacher;sugar substitute|{}|[]
supplement|n|ˈsʌpləmənt|3|health|vitamin supplement;food supplement|{}|[]
filter|n|ˈfɪltɚ|3|home_basics|water filter;coffee filter|{}|[]
flexible|adj|ˈflɛksəbəl|3|describing|flexible hours;flexible plan|{}|[]
abstract|adj|ˈæbˌstrækt|3|describing|abstract idea;abstract art|{}|[]
tent|n|tɛnt|3|travel|put up a tent;camping tent|{}|[]
shade|n|ʃeɪd|3|weather|in the shade;shade of blue|{}|[]
situate|v|ˈsɪtʃuˌeɪt|3|city|be situated in;well situated|{}|[]
summarize|v|ˈsʌməˌraɪz|3|education|summarize the text;briefly summarize|{}|[]
leap|n|lip|3|sports|a big leap;leap year|{}|[]
refugee|n|ˌrɛfjuˈdʒi|3|open_academic|refugee camp;political refugee|{}|[]
shore|n|ʃɔr|3|weather|on the shore;near the shore|{}|[]
monthly|adj|ˈmʌnθli|3|time_numbers|monthly payment;monthly meeting|{}|[]
comprise|v|kəmˈpraɪz|3|open_academic|be comprised of;comprise three parts|{}|[]
excitement|n|ɪkˈsaɪtmənt|3|feelings|full of excitement;great excitement|{}|[]
pregnancy|n|ˈprɛɡnənsi|3|health|during pregnancy;pregnancy test|{"plural": "pregnancies"}|[]
experimental|adj|ɪkˌspɛrəˈmɛntəl|3|open_academic|experimental drug;experimental music|{}|[]
institutional|adj|ˌɪnstɪˈtuʃənəl|3|open_academic|institutional investors;institutional change|{}|[]
empire|n|ˈɛmˌpaɪɚ|3|open_academic|Roman Empire;business empire|{}|[]
subsequently|adv|ˈsʌbsəkwəntli|3|linking|and subsequently;subsequently found|{}|[]
attendance|n|əˈtɛndəns|3|education|school attendance;attendance rate|{}|[]
qualification|n|ˌkwɑləfəˈkeɪʃən|3|work_study_core|teaching qualification;formal qualification|{}|[]
suspend|v|səˈspɛnd|3|legal|suspend a player;suspend service|{}|[]
functional|adj|ˈfʌŋkʃənəl|3|describing|functional design;fully functional|{}|[]
stain|n|steɪn|3|home_basics|coffee stain;remove a stain|{}|[]
server|n|ˈsɝvɚ|3|tech|web server;server room|{}|[]
structural|adj|ˈstrʌktʃərəl|3|open_academic|structural damage;structural change|{}|[]
gently|adv|ˈdʒɛntli|3|open_connectors|gently touch;speak gently|{}|[]
compute|v|kəmˈpjut|3|tech|compute the cost;compute data|{}|[]
theoretical|adj|ˌθiəˈrɛtɪkəl|3|open_academic|theoretical knowledge;theoretical model|{}|[]
mayor|n|ˈmeɪɚ|3|city|city mayor;elect a mayor|{}|[]
aunt|n|ænt|3|family|my aunt;aunt and uncle|{}|[]
fragment|n|ˈfræɡmənt|3|home_basics|small fragment;fragment of glass|{}|[]
immigration|n|ˌɪməˈɡreɪʃən|3|travel|immigration office;pass through immigration|{}|[]
density|n|ˈdɛnsəti|3|open_academic|population density;high density|{"plural": "densities"}|[]
module|n|ˈmɑdʒul|3|education|course module;first module|{}|[]
faithfully|adv|ˈfeɪθfəli|3|expressions|yours faithfully;serve faithfully|{}|[]
autumn|n|ˈɔtəm|3|weather|in autumn;autumn leaves|{}|[]
holder|n|ˈhoʊldɚ|3|events|ticket holder;record holder|{}|[]
rose|n|roʊz|3|weather|red rose;bunch of roses|{}|[]
noun|n|naʊn|3|education|common noun;plural noun|{}|[]
alright|adj|ɔlˈraɪt|3|expressions|feel alright;it's alright|{}|[]
hello|interj|həˈloʊ|3|expressions|say hello;hello there|{}|[]
insure|v|ɪnˈʃʊr|3|finance|insure a car;insure against|{}|[]
found|v|faʊnd|3|open_business|found a company;be founded in|{}|[]
blog|n|blɑɡ|3|social|write a blog;travel blog|{}|[]
reasonably|adv|ˈrizənəbli|3|open_connectors|reasonably priced;reasonably good|{}|[]
