# lemma|pos|ipa|level|Vietnamese meaning|English example|Vietnamese example|collocations   (owner, new everyday entries)
wifi|n|ˈwaɪfaɪ|2|wifi, mạng không dây|Is there free wifi in this hotel?|Khách sạn này có wifi miễn phí không?|
toddler|n|ˈtɑːdlər|3|trẻ mới biết đi|Our toddler is learning to say new words every day.|Bé nhà tôi ngày nào cũng học nói từ mới.|
poster|n|ˈpoʊstər|2|áp phích, tranh dán tường|There is a movie poster on my bedroom wall.|Có một tấm áp phích phim trên tường phòng ngủ của tôi.|
queue|n|kjuː|2|hàng (người xếp hàng)|There was a long queue outside the bakery.|Có một hàng dài người xếp hàng trước tiệm bánh.|
nap|n|næp|2|giấc ngủ ngắn, giấc ngủ trưa|My grandfather has a nap after lunch.|Ông tôi ngủ trưa một lát sau bữa trưa.|
housework|n|ˈhaʊswɜːrk|2|việc nhà|We share the housework at the weekend.|Cuối tuần chúng tôi chia nhau làm việc nhà.|
vacuum|v|ˈvækjuːm|3|hút bụi|I vacuum the living room every Saturday.|Thứ Bảy nào tôi cũng hút bụi phòng khách.|
receptionist|n|rɪˈsepʃənɪst|2|lễ tân|The receptionist gave us the key to our room.|Lễ tân đưa chúng tôi chìa khóa phòng.|
booking|n|ˈbʊkɪŋ|2|sự đặt chỗ|I made a booking for two nights at the hotel.|Tôi đã đặt phòng hai đêm ở khách sạn.|
buffet|n|bəˈfeɪ|3|tiệc buffet, bữa tự chọn|Breakfast is a buffet with eggs, fruit and bread.|Bữa sáng là buffet có trứng, trái cây và bánh mì.|
cargo|n|ˈkɑːrɡoʊ|3|hàng hóa (chuyên chở)|The ship is carrying cargo to the port.|Con tàu đang chở hàng hóa đến cảng.|
fireworks|n|ˈfaɪərwɜːrks|2|pháo hoa|We watched the fireworks on New Year's Eve.|Chúng tôi xem pháo hoa vào đêm giao thừa.|
smartphone|n|ˈsmɑːrtfoʊn|2|điện thoại thông minh|Almost everyone in my class has a smartphone.|Hầu như ai trong lớp tôi cũng có điện thoại thông minh.|
laptop|n|ˈlæptɑːp|2|máy tính xách tay|I take my laptop to the library to study.|Tôi mang máy tính xách tay đến thư viện để học.|
meme|n|miːm|3|meme, ảnh chế|He sent me a funny meme about Mondays.|Anh ấy gửi cho tôi một ảnh chế vui về ngày thứ Hai.|
newsletter|n|ˈnuːzletər|3|bản tin|Sign up for our newsletter to get special offers.|Đăng ký nhận bản tin để có các ưu đãi đặc biệt.|
coupon|n|ˈkuːpɑːn|3|phiếu giảm giá|Use this coupon to get ten percent off.|Dùng phiếu này để được giảm mười phần trăm.|
voucher|n|ˈvaʊtʃər|3|phiếu quà tặng, phiếu mua hàng|She gave me a gift voucher for a bookshop.|Cô ấy tặng tôi một phiếu quà tặng của hiệu sách.|
cart|n|kɑːrt|2|xe đẩy (mua hàng)|Put the milk in the shopping cart.|Hãy cho sữa vào xe đẩy mua hàng.|
sticker|n|ˈstɪkər|2|nhãn dán, hình dán|The teacher gave me a star sticker for my homework.|Cô giáo tặng tôi một nhãn dán ngôi sao vì bài tập về nhà.|
banner|n|ˈbænər|3|băng rôn|A big banner welcomed visitors to the festival.|Một tấm băng rôn lớn chào đón du khách đến lễ hội.|
elevator|n|ˈelɪveɪtər|2|thang máy|Take the elevator to the fifth floor.|Hãy đi thang máy lên tầng năm.|
stairs|n|sterz|1|cầu thang|Our bedroom is up the stairs.|Phòng ngủ của chúng tôi ở trên lầu.|
kettle|n|ˈketəl|2|ấm đun nước|Put the kettle on and let's have some tea.|Đun nước đi, mình uống chút trà.|
microwave|n|ˈmaɪkrəweɪv|2|lò vi sóng|Heat the soup in the microwave for two minutes.|Hâm súp trong lò vi sóng hai phút.|
oven|n|ˈʌvən|2|lò nướng|The bread is baking in the oven.|Bánh mì đang được nướng trong lò.|
stove|n|stoʊv|2|bếp (nấu ăn)|A pot of soup is cooking on the stove.|Một nồi súp đang được nấu trên bếp.|
faucet|n|ˈfɔːsɪt|3|vòi nước|Turn off the faucet while you brush your teeth.|Tắt vòi nước khi bạn đánh răng.|
dryer|n|ˈdraɪər|3|máy sấy|Put the wet towels in the dryer.|Hãy cho khăn ướt vào máy sấy.|
hanger|n|ˈhæŋər|3|móc treo quần áo|Hang your coat on a hanger.|Hãy treo áo khoác lên móc.|
wardrobe|n|ˈwɔːrdroʊb|2|tủ quần áo|My wardrobe is full of old clothes.|Tủ quần áo của tôi đầy quần áo cũ.|
closet|n|ˈklɑːzɪt|2|tủ âm tường, kho nhỏ|The extra blankets are in the closet.|Chăn dự phòng ở trong tủ âm tường.|
sofa|n|ˈsoʊfə|1|ghế sô-pha|The cat is sleeping on the sofa.|Con mèo đang ngủ trên ghế sô-pha.|
armchair|n|ˈɑːrmtʃer|2|ghế bành|Grandpa reads the newspaper in his armchair.|Ông đọc báo trên chiếc ghế bành của mình.|
rug|n|rʌɡ|2|thảm (nhỏ)|There is a soft rug in front of the sofa.|Có một tấm thảm mềm trước ghế sô-pha.|
vase|n|veɪs|2|lọ hoa, bình hoa|She put the roses in a glass vase.|Cô ấy cắm hoa hồng vào một chiếc bình thủy tinh.|
candle|n|ˈkændəl|2|cây nến|Blow out the candles on your birthday cake!|Thổi nến trên bánh sinh nhật của bạn đi!|
newborn|n|ˈnuːbɔːrn|3|trẻ sơ sinh|Newborns sleep for most of the day.|Trẻ sơ sinh ngủ gần như cả ngày.|
grandchild|n|ˈɡræntʃaɪld|2|cháu (nội, ngoại)|My grandmother has six grandchildren.|Bà tôi có sáu đứa cháu.|
grandson|n|ˈɡrænsʌn|2|cháu trai (nội, ngoại)|Their grandson visits them every weekend.|Cháu trai đến thăm ông bà mỗi cuối tuần.|
granddaughter|n|ˈɡrændɔːtər|2|cháu gái (nội, ngoại)|Their granddaughter is starting school this year.|Cháu gái của họ năm nay bắt đầu đi học.|
retiree|n|rɪˌtaɪəˈriː|3|người về hưu|Many retirees enjoy walking in the park in the morning.|Nhiều người về hưu thích đi bộ trong công viên buổi sáng.|
wedding|n|ˈwedɪŋ|2|đám cưới|We are going to my cousin's wedding in June.|Chúng tôi sẽ dự đám cưới của anh họ vào tháng Sáu.|
honeymoon|n|ˈhʌnimuːn|3|tuần trăng mật|They went to an island for their honeymoon.|Họ đi trăng mật ở một hòn đảo.|
lunchbox|n|ˈlʌntʃbɑːks|2|hộp cơm, hộp đựng đồ ăn trưa|My mother puts fruit in my lunchbox every day.|Ngày nào mẹ cũng cho trái cây vào hộp cơm của tôi.|
waitress|n|ˈweɪtrəs|2|nữ phục vụ bàn|The waitress brought us the menu.|Cô phục vụ mang thực đơn đến cho chúng tôi.|
bartender|n|ˈbɑːrtendər|3|nhân viên pha chế|The bartender made us two fresh lemon drinks.|Nhân viên pha chế làm cho chúng tôi hai ly nước chanh tươi.|
porter|n|ˈpɔːrtər|3|nhân viên khuân vác hành lý|The porter carried our bags to the room.|Nhân viên khuân vác mang túi của chúng tôi lên phòng.|
minibar|n|ˈmɪnibɑːr|3|tủ lạnh mini (trong phòng khách sạn)|Drinks from the minibar are not free.|Đồ uống trong tủ lạnh mini không miễn phí.|
courier|n|ˈkʊriər|3|người chuyển phát, dịch vụ chuyển phát|A courier brought the documents to my office.|Một người chuyển phát mang tài liệu đến văn phòng tôi.|
tracking|n|ˈtrækɪŋ|3|sự theo dõi (đơn hàng)|Use the tracking number to see where your parcel is.|Dùng mã theo dõi để xem bưu kiện của bạn đang ở đâu.|
gala|n|ˈɡeɪlə|3|buổi dạ tiệc, buổi lễ lớn|The school held a gala to raise money for the library.|Trường tổ chức một buổi dạ tiệc để gây quỹ cho thư viện.|
webinar|n|ˈwebɪnɑːr|3|hội thảo trực tuyến|Over two hundred people joined the free webinar.|Hơn hai trăm người tham gia buổi hội thảo trực tuyến miễn phí.|
login|n|ˈlɑːɡɪn|3|thông tin đăng nhập|I forgot my login for the school website.|Tôi quên thông tin đăng nhập trang web của trường.|
logout|n|ˈlɑːɡaʊt|3|sự đăng xuất|Click logout before you leave a shared computer.|Hãy bấm đăng xuất trước khi rời máy tính dùng chung.|
router|n|ˈraʊtər|3|bộ định tuyến, cục phát wifi|Restart the router if the internet is slow.|Hãy khởi động lại cục phát wifi nếu mạng chậm.|
inbox|n|ˈɪnbɑːks|3|hộp thư đến|I have twenty unread emails in my inbox.|Tôi có hai mươi email chưa đọc trong hộp thư đến.|
spam|n|spæm|3|thư rác|Delete emails that look like spam.|Hãy xóa những email trông giống thư rác.|
tablet|n|ˈtæblət|2|máy tính bảng|My little brother watches cartoons on a tablet.|Em trai tôi xem phim hoạt hình trên máy tính bảng.|
earphones|n|ˈɪrfoʊnz|2|tai nghe nhét tai|I always wear earphones on the bus.|Tôi luôn đeo tai nghe trên xe buýt.|
microphone|n|ˈmaɪkrəfoʊn|3|micrô|The singer held the microphone close to her mouth.|Ca sĩ cầm micrô sát miệng.|
grow up|phr|ˌɡroʊ ˈʌp|1|lớn lên, trưởng thành|I grew up in a small town by the sea.|Tôi lớn lên ở một thị trấn nhỏ ven biển.|
get up|phr|ˌɡet ˈʌp|1|thức dậy, ra khỏi giường|I get up at six thirty every morning.|Tôi dậy lúc sáu giờ rưỡi mỗi sáng.|
look up|phr|ˌlʊk ˈʌp|2|tra cứu (từ, thông tin)|You can look up new words in the dictionary.|Bạn có thể tra từ mới trong từ điển.|
calm down|phr|ˌkɑːm ˈdaʊn|2|bình tĩnh lại|Please calm down and tell me what happened.|Hãy bình tĩnh lại và kể cho tôi chuyện gì đã xảy ra.|
get along|phr|ˌɡet əˈlɔːŋ|3|hòa thuận, hợp nhau|I get along well with my new classmates.|Tôi rất hợp với các bạn cùng lớp mới.|
sort out|phr|ˌsɔːrt ˈaʊt|3|giải quyết, sắp xếp ổn thỏa|Don't worry, we will sort out the problem today.|Đừng lo, hôm nay chúng tôi sẽ giải quyết vấn đề.|
turn up|phr|ˌtɜːrn ˈʌp|3|xuất hiện, đến; vặn to|Only five people turned up for the meeting.|Chỉ có năm người đến dự cuộc họp.|
drop off|phr|ˌdrɑːp ˈɔːf|3|đưa (ai) đến, thả xuống|I drop off my son at school every morning.|Sáng nào tôi cũng đưa con trai đến trường.|
fall apart|phr|ˌfɔːl əˈpɑːrt|4|vỡ ra từng mảnh; đổ vỡ|My old shoes are starting to fall apart.|Đôi giày cũ của tôi bắt đầu bung ra.|
give back|phr|ˌɡɪv ˈbæk|2|trả lại|Can you give back my pen after class?|Bạn trả lại bút cho tôi sau giờ học được không?|
come back|phr|ˌkʌm ˈbæk|1|quay lại, trở về|What time will you come back home tonight?|Tối nay mấy giờ bạn về nhà?|
take care of|phr|ˌteɪk ˈker əv|2|chăm sóc, lo liệu|My sister takes care of our grandmother.|Chị tôi chăm sóc bà của chúng tôi.|
adolescent|n|ˌædəˈlesənt|4|thanh thiếu niên|Many adolescents worry about how they look.|Nhiều thanh thiếu niên lo lắng về ngoại hình.|
adulthood|n|ˈædʌlthʊd|4|tuổi trưởng thành|Some habits from childhood continue into adulthood.|Một số thói quen từ thời thơ ấu kéo dài đến tuổi trưởng thành.|
middle-aged|adj|ˌmɪdəl ˈeɪdʒd|3|trung niên|A middle-aged man helped me carry my bags.|Một người đàn ông trung niên giúp tôi xách túi.|
puberty|n|ˈpjuːbərti|4|tuổi dậy thì|Children's bodies change quickly during puberty.|Cơ thể trẻ thay đổi nhanh trong tuổi dậy thì.|
widow|n|ˈwɪdoʊ|3|góa phụ|She became a widow when she was fifty.|Bà trở thành góa phụ khi năm mươi tuổi.|
kindergarten|n|ˈkɪndərɡɑːrtən|2|trường mẫu giáo|My little brother started kindergarten this year.|Em trai tôi bắt đầu đi mẫu giáo năm nay.|
graduation|n|ˌɡrædʒuˈeɪʃən|3|lễ tốt nghiệp; sự tốt nghiệp|My parents came to my graduation last June.|Bố mẹ tôi đến dự lễ tốt nghiệp của tôi hồi tháng Sáu.|
bride|n|braɪd|3|cô dâu|The bride wore a long white dress.|Cô dâu mặc một chiếc váy trắng dài.|
lifespan|n|ˈlaɪfspæn|4|tuổi thọ|The average lifespan of a dog is about twelve years.|Tuổi thọ trung bình của chó khoảng mười hai năm.|
orphan|n|ˈɔːrfən|3|trẻ mồ côi|The orphan was raised by her aunt and uncle.|Cô bé mồ côi được cô chú nuôi lớn.|
elder|adj|ˈeldər|3|lớn tuổi hơn (anh, chị)|My elder sister is a nurse in the city.|Chị gái tôi là y tá ở thành phố.|
airport|n|ˈerpɔːrt|1|sân bay|We need to be at the airport by six.|Chúng ta cần có mặt ở sân bay trước sáu giờ.|
fax|n|fæks|3|bản fax, máy fax|Please send the signed form by fax today.|Vui lòng gửi mẫu đơn đã ký qua fax hôm nay.|
o'clock|adv|əˈklɑːk|1|giờ (đúng)|The meeting starts at nine o'clock.|Cuộc họp bắt đầu lúc chín giờ.|
sincerely|adv|sɪnˈsɪrli|3|chân thành; trân trọng (cuối thư)|I sincerely hope you enjoy your stay.|Tôi chân thành mong bạn có kỳ nghỉ vui vẻ.|
sometime|adv|ˈsʌmtaɪm|2|một lúc nào đó|Let's have lunch together sometime next week.|Tuần sau mình đi ăn trưa cùng nhau lúc nào đó nhé.|
enclose|v|ɪnˈkloʊz|4|gửi kèm|I have enclosed a copy of my résumé.|Tôi đã gửi kèm một bản sơ yếu lý lịch.|
traveler|n|ˈtrævələr|2|du khách, người đi du lịch|Many travelers stop at this café for breakfast.|Nhiều du khách ghé quán cà phê này ăn sáng.|
caller|n|ˈkɔːlər|3|người gọi điện|The caller left a message for the manager.|Người gọi đã để lại lời nhắn cho quản lý.|
infer|v|ɪnˈfɜːr|4|suy ra, suy luận|What can we infer from the second paragraph?|Ta có thể suy ra điều gì từ đoạn văn thứ hai?|
rental|n|ˈrentəl|3|việc thuê; tiền thuê|The car rental costs forty dollars a day.|Thuê xe có giá bốn mươi đô la một ngày.|
cafeteria|n|ˌkæfəˈtɪriə|2|nhà ăn tự phục vụ, căng tin|Let's meet in the cafeteria at lunchtime.|Hẹn gặp nhau ở căng tin vào giờ ăn trưa nhé.|
correctly|adv|kəˈrektli|2|một cách chính xác, đúng|Make sure you fill in the form correctly.|Hãy chắc chắn bạn điền mẫu đơn đúng.|
notify|v|ˈnoʊtɪfaɪ|4|thông báo|Please notify us if you change your address.|Vui lòng thông báo cho chúng tôi nếu bạn đổi địa chỉ.|
preview|n|ˈpriːvjuː|3|bản xem trước|We watched a preview of the new film.|Chúng tôi đã xem trước bộ phim mới.|
subscription|n|səbˈskrɪpʃən|3|gói đăng ký, phí thuê bao|I cancelled my magazine subscription last month.|Tháng trước tôi đã hủy đăng ký tạp chí.|
manual|n|ˈmænjuəl|3|sách hướng dẫn|Read the manual before you use the machine.|Hãy đọc sách hướng dẫn trước khi dùng máy.|
clue|n|kluː|3|manh mối, gợi ý|The title gives a clue about the story.|Tiêu đề gợi ý về nội dung câu chuyện.|
oval|adj|ˈoʊvəl|3|hình bầu dục|We sat around an oval table in the meeting room.|Chúng tôi ngồi quanh một chiếc bàn bầu dục trong phòng họp.|
outdoor|adj|ˈaʊtdɔːr|2|ngoài trời|The hotel has an outdoor swimming pool.|Khách sạn có hồ bơi ngoài trời.|
suitcase|n|ˈsuːtkeɪs|1|va li|My suitcase is too heavy to carry.|Va li của tôi nặng quá không xách nổi.|
contradict|v|ˌkɑːntrəˈdɪkt|4|mâu thuẫn, nói ngược lại|His story contradicts what the witness said.|Câu chuyện của anh ta mâu thuẫn với lời nhân chứng.|
inference|n|ˈɪnfərəns|4|sự suy luận, điều suy ra|We can make an inference from the chart.|Chúng ta có thể suy ra một điều từ biểu đồ.|
cellphone|n|ˈselfoʊn|1|điện thoại di động|Please turn off your cellphone during the test.|Vui lòng tắt điện thoại di động trong giờ thi.|
compact|adj|kəmˈpækt|3|nhỏ gọn|This compact camera fits in your pocket.|Chiếc máy ảnh nhỏ gọn này vừa túi áo.|
dentist|n|ˈdentɪst|1|nha sĩ|I have an appointment with the dentist tomorrow.|Ngày mai tôi có hẹn với nha sĩ.|
reschedule|v|ˌriːˈskedʒuːl|3|dời lịch, sắp xếp lại lịch|Can we reschedule the meeting for Friday?|Chúng ta dời cuộc họp sang thứ Sáu được không?|
tactic|n|ˈtæktɪk|4|chiến thuật|The team changed its tactics in the second half.|Đội bóng thay đổi chiến thuật trong hiệp hai.|
renovation|n|ˌrenəˈveɪʃən|3|sự cải tạo, sửa sang|The hotel is closed for renovation until May.|Khách sạn đóng cửa để cải tạo đến tháng Năm.|
upgrade|v|ʌpˈɡreɪd|3|nâng cấp|You can upgrade your seat to business class.|Bạn có thể nâng hạng ghế lên hạng thương gia.|
precede|v|prɪˈsiːd|4|đi trước, xảy ra trước|A short speech preceded the dinner.|Một bài phát biểu ngắn diễn ra trước bữa tối.|
replacement|n|rɪˈpleɪsmənt|3|vật thay thế, người thay thế|We will send you a replacement for the broken part.|Chúng tôi sẽ gửi bạn linh kiện thay thế cho phần bị hỏng.|
dine|v|daɪn|3|ăn tối, dùng bữa|We dined at a small restaurant by the river.|Chúng tôi ăn tối ở một nhà hàng nhỏ ven sông.|
coworker|n|ˈkoʊwɜːrkər|2|đồng nghiệp|My coworkers took me out for lunch on my birthday.|Đồng nghiệp đưa tôi đi ăn trưa vào ngày sinh nhật.|
upcoming|adj|ˈʌpkʌmɪŋ|3|sắp tới|Please read the agenda for the upcoming meeting.|Vui lòng đọc chương trình cho cuộc họp sắp tới.|
cabinet|n|ˈkæbɪnət|3|tủ (có ngăn, cánh)|The files are in the cabinet next to my desk.|Hồ sơ ở trong tủ cạnh bàn làm việc của tôi.|
appliance|n|əˈplaɪəns|3|thiết bị gia dụng|The store sells kitchen appliances at low prices.|Cửa hàng bán đồ gia dụng nhà bếp với giá rẻ.|
media|n|ˈmiːdiə|3|truyền thông|The new product got a lot of media attention.|Sản phẩm mới được truyền thông quan tâm nhiều.|
supermarket|n|ˈsuːpərmɑːrkɪt|1|siêu thị|I buy fruit at the supermarket near my house.|Tôi mua trái cây ở siêu thị gần nhà.|
admission|n|ədˈmɪʃən|3|sự cho vào; phí vào cửa|Admission to the museum is free on Sundays.|Vào cửa bảo tàng miễn phí vào Chủ nhật.|
electrical|adj|ɪˈlektrɪkəl|3|thuộc về điện|The fire was caused by an electrical problem.|Vụ cháy do sự cố về điện gây ra.|
cruise|n|kruːz|3|chuyến du lịch trên tàu biển|They went on a cruise around the islands.|Họ đi du lịch bằng tàu quanh các hòn đảo.|
comprehension|n|ˌkɑːmprɪˈhenʃən|4|khả năng hiểu, đọc hiểu|The test has a reading comprehension section.|Bài thi có phần đọc hiểu.|
mall|n|mɔːl|1|trung tâm mua sắm|We spent the afternoon at the shopping mall.|Chúng tôi dành cả buổi chiều ở trung tâm mua sắm.|
medication|n|ˌmedɪˈkeɪʃən|3|thuốc (điều trị)|Take this medication twice a day after meals.|Uống thuốc này hai lần mỗi ngày sau bữa ăn.|
sandwich|n|ˈsænwɪtʃ|1|bánh mì kẹp|I had a cheese sandwich for lunch.|Tôi ăn bánh mì kẹp phô mai cho bữa trưa.|
fitness|n|ˈfɪtnəs|2|thể lực, sự khỏe mạnh|She goes to a fitness class every morning.|Cô ấy đi lớp thể dục mỗi sáng.|
folder|n|ˈfoʊldər|2|bìa hồ sơ; thư mục|Save the report in the shared folder.|Lưu bản báo cáo vào thư mục chung.|
donation|n|doʊˈneɪʃən|3|khoản quyên góp|The school received a large donation of books.|Trường nhận được một lượng sách quyên góp lớn.|
shortly|adv|ˈʃɔːrtli|3|ngay, sớm (một lát nữa)|The manager will be with you shortly.|Quản lý sẽ gặp bạn ngay.|
copier|n|ˈkɑːpiər|3|máy photocopy|The copier on the second floor is broken again.|Máy photocopy ở tầng hai lại hỏng rồi.|
provider|n|prəˈvaɪdər|3|nhà cung cấp|We changed our internet provider last year.|Năm ngoái chúng tôi đổi nhà cung cấp mạng.|
inspection|n|ɪnˈspekʃən|3|sự kiểm tra, thanh tra|The factory passed its safety inspection.|Nhà máy đã qua đợt kiểm tra an toàn.|
recipient|n|rɪˈsɪpiənt|4|người nhận|Write the recipient's name on the envelope.|Ghi tên người nhận lên phong bì.|
inspect|v|ɪnˈspekt|3|kiểm tra kỹ|An engineer will inspect the building next week.|Một kỹ sư sẽ kiểm tra tòa nhà vào tuần sau.|
mechanic|n|məˈkænɪk|2|thợ máy|The mechanic fixed my car in two hours.|Thợ máy sửa xe cho tôi trong hai giờ.|
merger|n|ˈmɜːrdʒər|4|sự sáp nhập|The merger created the largest bank in the country.|Vụ sáp nhập tạo ra ngân hàng lớn nhất cả nước.|
soccer|n|ˈsɑːkər|1|bóng đá|The boys play soccer every afternoon.|Các cậu bé chơi bóng đá mỗi chiều.|
sweater|n|ˈswetər|1|áo len|Wear a sweater because it's cold outside.|Mặc áo len vào vì ngoài trời lạnh.|
rewrite|v|ˌriːˈraɪt|3|viết lại|Please rewrite the first paragraph more clearly.|Vui lòng viết lại đoạn đầu cho rõ ràng hơn.|
workplace|n|ˈwɜːrkpleɪs|3|nơi làm việc|Safety in the workplace is very important.|An toàn ở nơi làm việc rất quan trọng.|
eligible|adj|ˈelɪdʒəbəl|4|đủ điều kiện|Full-time staff are eligible for paid holidays.|Nhân viên toàn thời gian đủ điều kiện nghỉ phép có lương.|
indoor|adj|ˈɪndɔːr|2|trong nhà|The school has an indoor swimming pool.|Trường có hồ bơi trong nhà.|
baggage|n|ˈbæɡɪdʒ|2|hành lý|Collect your baggage at belt number four.|Nhận hành lý ở băng chuyền số bốn.|
dial|v|ˈdaɪəl|3|quay số, bấm số|Dial zero to speak to the front desk.|Bấm số không để gặp quầy lễ tân.|
lab|n|læb|2|phòng thí nghiệm|The students did an experiment in the lab.|Học sinh làm thí nghiệm trong phòng thí nghiệm.|
bulletin|n|ˈbʊlətɪn|3|bản tin, thông báo|Check the bulletin board for new job openings.|Xem bảng thông báo để biết vị trí tuyển dụng mới.|
highway|n|ˈhaɪweɪ|2|đường cao tốc, quốc lộ|There was heavy traffic on the highway this morning.|Sáng nay đường cao tốc rất đông xe.|
respondent|n|rɪˈspɑːndənt|4|người trả lời (khảo sát)|Most respondents said they liked the new design.|Phần lớn người trả lời khảo sát nói họ thích thiết kế mới.|
overtime|n|ˈoʊvərtaɪm|3|giờ làm thêm|He worked three hours of overtime yesterday.|Hôm qua anh ấy làm thêm ba giờ.|
skim|v|skɪm|3|đọc lướt|Skim the article first to find the main idea.|Đọc lướt bài báo trước để tìm ý chính.|
briefcase|n|ˈbriːfkeɪs|3|cặp tài liệu|He put the contract in his briefcase.|Anh ấy để bản hợp đồng vào cặp tài liệu.|
impact|n|ˈɪmpækt|3|tác động, ảnh hưởng|Social media has a big impact on young people.|Mạng xã hội có tác động lớn đến giới trẻ.|
overnight|adv|ˌoʊvərˈnaɪt|3|qua đêm|We stayed overnight in a small hotel.|Chúng tôi ở qua đêm trong một khách sạn nhỏ.|
commuter|n|kəˈmjuːtər|3|người đi làm xa hằng ngày|The train was full of commuters this morning.|Sáng nay tàu đầy người đi làm.|
advisor|n|ədˈvaɪzər|3|cố vấn|My financial advisor helped me plan my savings.|Cố vấn tài chính giúp tôi lập kế hoạch tiết kiệm.|
cartridge|n|ˈkɑːrtrɪdʒ|3|hộp mực|The printer needs a new ink cartridge.|Máy in cần hộp mực mới.|
photographer|n|fəˈtɑːɡrəfər|2|nhiếp ảnh gia|They hired a photographer for the wedding.|Họ thuê một nhiếp ảnh gia cho đám cưới.|
shopper|n|ˈʃɑːpər|2|người đi mua sắm|The mall was full of shoppers on Saturday.|Trung tâm thương mại đông người mua sắm vào thứ Bảy.|
tag|n|tæɡ|3|nhãn, thẻ (giá)|Check the price tag before you buy it.|Xem nhãn giá trước khi mua.|
announcer|n|əˈnaʊnsər|3|phát thanh viên|The announcer said the train was delayed.|Phát thanh viên thông báo tàu bị trễ.|
contractor|n|ˈkɑːntræktər|4|nhà thầu|The contractor finished the new office on time.|Nhà thầu hoàn thành văn phòng mới đúng hạn.|
terminal|n|ˈtɜːrmɪnəl|3|nhà ga (sân bay, bến xe)|Our flight leaves from Terminal 2.|Chuyến bay của chúng tôi khởi hành từ nhà ga số 2.|
weekday|n|ˈwiːkdeɪ|2|ngày thường (trong tuần)|The office is open on weekdays only.|Văn phòng chỉ mở cửa vào ngày thường.|
bonus|n|ˈboʊnəs|3|tiền thưởng|All staff received a bonus at the end of the year.|Tất cả nhân viên được thưởng cuối năm.|
ink|n|ɪŋk|2|mực|Please sign the form in black ink.|Vui lòng ký mẫu đơn bằng mực đen.|
supervise|v|ˈsuːpərvaɪz|4|giám sát|She supervises a team of ten engineers.|Cô ấy giám sát một nhóm mười kỹ sư.|
cleaner|n|ˈkliːnər|2|người dọn vệ sinh; chất tẩy rửa|The cleaner comes to the office every evening.|Người dọn vệ sinh đến văn phòng mỗi tối.|
developer|n|dɪˈveləpər|3|nhà phát triển, lập trình viên|She works as a software developer in a bank.|Cô ấy làm lập trình viên phần mềm ở một ngân hàng.|
shuttle|n|ˈʃʌtəl|3|xe đưa đón (tuyến ngắn)|A free shuttle runs between the hotel and the airport.|Có xe đưa đón miễn phí giữa khách sạn và sân bay.|
picnic|n|ˈpɪknɪk|1|bữa ăn ngoài trời|We had a picnic by the lake on Sunday.|Chủ nhật chúng tôi đi ăn ngoài trời bên hồ.|
refreshment|n|rɪˈfreʃmənt|3|đồ ăn nhẹ, thức uống|Refreshments will be served after the talk.|Đồ ăn nhẹ sẽ được phục vụ sau buổi nói chuyện.|
commonly|adv|ˈkɑːmənli|3|thường, phổ biến|This word is commonly used in business emails.|Từ này thường được dùng trong email công việc.|
distribution|n|ˌdɪstrɪˈbjuːʃən|4|sự phân phối|The company handles distribution across the region.|Công ty phụ trách phân phối trong toàn khu vực.|
annoy|v|əˈnɔɪ|2|làm khó chịu, làm phiền|The loud music next door annoys me.|Tiếng nhạc to nhà bên làm tôi khó chịu.|
coordinate|v|koʊˈɔːrdɪneɪt|4|điều phối|She coordinates all the events for the company.|Cô ấy điều phối mọi sự kiện của công ty.|
paperwork|n|ˈpeɪpərwɜːrk|3|giấy tờ, thủ tục giấy tờ|I spent the morning doing paperwork.|Tôi dành cả buổi sáng làm giấy tờ.|
flu|n|fluː|2|bệnh cúm|He stayed at home with the flu.|Anh ấy nghỉ ở nhà vì bị cúm.|
captain|n|ˈkæptɪn|2|thuyền trưởng; cơ trưởng; đội trưởng|The captain welcomed the passengers on board.|Cơ trưởng chào đón hành khách lên máy bay.|
installation|n|ˌɪnstəˈleɪʃən|3|sự lắp đặt, cài đặt|Installation of the new system takes one hour.|Lắp đặt hệ thống mới mất một giờ.|
trainer|n|ˈtreɪnər|2|huấn luyện viên|My personal trainer helps me stay fit.|Huấn luyện viên cá nhân giúp tôi giữ dáng.|
availability|n|əˌveɪləˈbɪləti|4|tình trạng còn trống, còn hàng|Please check room availability for next weekend.|Vui lòng kiểm tra tình trạng còn phòng cho cuối tuần sau.|
hike|v|haɪk|2|đi bộ đường dài|We hiked to the top of the mountain.|Chúng tôi đi bộ lên tận đỉnh núi.|
productivity|n|ˌproʊdʌkˈtɪvəti|4|năng suất|New software helped to increase productivity.|Phần mềm mới giúp tăng năng suất.|
relocate|v|ˌriːˈloʊkeɪt|4|chuyển đến nơi mới|The company will relocate its office to the city center.|Công ty sẽ chuyển văn phòng vào trung tâm thành phố.|
trainee|n|ˌtreɪˈniː|3|thực tập sinh, học viên|Each trainee works with an experienced manager.|Mỗi thực tập sinh làm việc cùng một quản lý giàu kinh nghiệm.|
unhappy|adj|ʌnˈhæpi|1|không vui, không hài lòng|The customer was unhappy with the service.|Khách hàng không hài lòng với dịch vụ.|
verify|v|ˈverɪfaɪ|4|xác minh|Please verify your email address to continue.|Vui lòng xác minh địa chỉ email để tiếp tục.|
automobile|n|ˈɔːtəmoʊbiːl|3|ô tô|The automobile industry employs many people.|Ngành ô tô sử dụng rất nhiều lao động.|
incomplete|adj|ˌɪnkəmˈpliːt|3|chưa hoàn chỉnh, thiếu|Your application is incomplete without a photo.|Hồ sơ của bạn chưa đầy đủ nếu thiếu ảnh.|
questionnaire|n|ˌkwestʃəˈner|4|bảng câu hỏi|Please fill in this short questionnaire.|Vui lòng điền bảng câu hỏi ngắn này.|
baseball|n|ˈbeɪsbɔːl|1|bóng chày|Baseball is very popular in Japan.|Bóng chày rất phổ biến ở Nhật Bản.|
presenter|n|prɪˈzentər|3|người dẫn chương trình, người thuyết trình|The presenter answered questions from the audience.|Người thuyết trình trả lời câu hỏi của khán giả.|
worldwide|adv|ˌwɜːrldˈwaɪd|3|trên toàn thế giới|The company sells its products worldwide.|Công ty bán sản phẩm trên toàn thế giới.|
carrier|n|ˈkæriər|4|hãng vận chuyển|The airline is the country's largest carrier.|Hãng hàng không này là hãng vận chuyển lớn nhất nước.|
designate|v|ˈdezɪɡneɪt|4|chỉ định|This area is designated for smoking.|Khu vực này được chỉ định để hút thuốc.|
memorandum|n|ˌmeməˈrændəm|4|bản ghi nhớ|The memorandum explains the new travel policy.|Bản ghi nhớ giải thích chính sách công tác mới.|
photocopier|n|ˈfoʊtoʊkɑːpiər|3|máy photocopy|The photocopier is out of paper.|Máy photocopy hết giấy rồi.|
bookstore|n|ˈbʊkstɔːr|1|hiệu sách|I bought this dictionary at the bookstore.|Tôi mua cuốn từ điển này ở hiệu sách.|
dental|adj|ˈdentəl|3|thuộc về răng, nha khoa|You should have a dental check-up twice a year.|Bạn nên đi khám răng hai lần một năm.|
lounge|n|laʊndʒ|3|phòng chờ, sảnh nghỉ|We waited in the airport lounge.|Chúng tôi chờ trong phòng chờ sân bay.|
painter|n|ˈpeɪntər|2|họa sĩ; thợ sơn|The painter finished the kitchen walls in a day.|Thợ sơn sơn xong tường bếp trong một ngày.|
patron|n|ˈpeɪtrən|4|khách quen|The restaurant offers free coffee to its patrons.|Nhà hàng mời khách quen cà phê miễn phí.|
salad|n|ˈsæləd|1|món rau trộn, xa lát|I'd like a chicken salad, please.|Cho tôi một đĩa xa lát gà.|
stack|n|stæk|3|chồng, đống|There is a stack of letters on your desk.|Có một chồng thư trên bàn của bạn.|
calculator|n|ˈkælkjəleɪtər|2|máy tính cầm tay|You may use a calculator in the exam.|Bạn được dùng máy tính cầm tay trong kỳ thi.|
completion|n|kəmˈpliːʃən|4|sự hoàn thành|The project is near completion.|Dự án sắp hoàn thành.|
garbage|n|ˈɡɑːrbɪdʒ|2|rác|Please take the garbage out tonight.|Tối nay nhớ mang rác ra ngoài nhé.|
omit|v|əˈmɪt|4|bỏ sót, bỏ qua|Do not omit any information on the form.|Đừng bỏ sót thông tin nào trên mẫu đơn.|
cab|n|kæb|2|xe taxi|We took a cab from the station to the hotel.|Chúng tôi đi taxi từ ga đến khách sạn.|
photography|n|fəˈtɑːɡrəfi|3|nhiếp ảnh|She is taking a photography course this summer.|Hè này cô ấy học một khóa nhiếp ảnh.|
sculpture|n|ˈskʌlptʃər|3|tác phẩm điêu khắc|There is a large sculpture in the park.|Có một bức tượng điêu khắc lớn trong công viên.|
ice cream|n|ˌaɪs ˈkriːm|1|kem|The children wanted chocolate ice cream.|Bọn trẻ muốn ăn kem sô-cô-la.|
occupancy|n|ˈɑːkjəpənsi|4|công suất sử dụng (phòng)|Hotel occupancy is high in the summer.|Công suất phòng khách sạn cao vào mùa hè.|
proficiency|n|prəˈfɪʃənsi|4|trình độ thành thạo|The job requires proficiency in English.|Công việc yêu cầu thành thạo tiếng Anh.|
renewal|n|rɪˈnuːəl|4|sự gia hạn|Your contract is due for renewal next month.|Hợp đồng của bạn đến hạn gia hạn vào tháng sau.|
annually|adv|ˈænjuəli|4|hằng năm|The report is published annually.|Báo cáo được công bố hằng năm.|
basketball|n|ˈbæskɪtbɔːl|1|bóng rổ|We play basketball after school on Fridays.|Chúng tôi chơi bóng rổ sau giờ học vào thứ Sáu.|
delete|v|dɪˈliːt|2|xóa|Don't delete that email; we need it.|Đừng xóa email đó, chúng ta cần nó.|
accurately|adv|ˈækjərətli|3|một cách chính xác|Please measure the room accurately.|Vui lòng đo căn phòng thật chính xác.|
cabin|n|ˈkæbɪn|3|nhà gỗ nhỏ; khoang (tàu, máy bay)|We rented a cabin in the mountains.|Chúng tôi thuê một căn nhà gỗ trên núi.|
inspector|n|ɪnˈspektər|3|thanh tra viên|A health inspector visited the restaurant.|Một thanh tra y tế đã đến kiểm tra nhà hàng.|
intern|n|ˈɪntɜːrn|3|thực tập sinh|She worked as an intern at a law firm.|Cô ấy làm thực tập sinh ở một công ty luật.|
confirmation|n|ˌkɑːnfərˈmeɪʃən|3|sự xác nhận|You will receive a confirmation email shortly.|Bạn sẽ sớm nhận được email xác nhận.|
congratulation|n|kənˌɡrætʃəˈleɪʃən|2|lời chúc mừng|Congratulations on your new job!|Chúc mừng bạn có công việc mới!|
expertise|n|ˌekspɜːrˈtiːz|4|chuyên môn|We need someone with expertise in marketing.|Chúng tôi cần người có chuyên môn về marketing.|
graph|n|ɡræf|3|đồ thị, biểu đồ|The graph shows sales over the last year.|Biểu đồ cho thấy doanh số trong năm qua.|
utility|n|juːˈtɪləti|4|dịch vụ tiện ích (điện, nước)|Rent includes all utilities except the internet.|Tiền thuê đã gồm mọi tiện ích trừ internet.|
banker|n|ˈbæŋkər|3|chủ ngân hàng, nhân viên ngân hàng|Her father was a banker in London.|Bố cô ấy từng là nhân viên ngân hàng ở London.|
minimize|v|ˈmɪnɪmaɪz|4|giảm thiểu|We want to minimize waste in the factory.|Chúng tôi muốn giảm thiểu rác thải trong nhà máy.|
optional|adj|ˈɑːpʃənəl|3|tùy chọn, không bắt buộc|The evening tour is optional.|Chuyến tham quan buổi tối là không bắt buộc.|
paycheck|n|ˈpeɪtʃek|3|tiền lương (mỗi kỳ)|I get my paycheck at the end of each month.|Tôi nhận lương vào cuối mỗi tháng.|
protective|adj|prəˈtektɪv|3|bảo hộ, bảo vệ|Workers must wear protective glasses.|Công nhân phải đeo kính bảo hộ.|
seller|n|ˈselər|2|người bán|The seller agreed to lower the price.|Người bán đồng ý hạ giá.|
transit|n|ˈtrænzɪt|4|sự vận chuyển; giao thông công cộng|The goods were damaged in transit.|Hàng hóa bị hư hại trong quá trình vận chuyển.|
lane|n|leɪn|2|làn đường; ngõ|Stay in the right lane on the highway.|Đi ở làn bên phải trên đường cao tốc.|
promptly|adv|ˈprɑːmptli|4|ngay lập tức; đúng giờ|The meeting will start promptly at ten.|Cuộc họp sẽ bắt đầu đúng mười giờ.|
retailer|n|ˈriːteɪlər|4|nhà bán lẻ|The retailer has stores in five cities.|Nhà bán lẻ này có cửa hàng ở năm thành phố.|
directory|n|dəˈrektəri|3|danh bạ; thư mục|Look for the number in the staff directory.|Tìm số điện thoại trong danh bạ nhân viên.|
