# word_id | emoji codepoints | svg name   (owner-written; ROADMAP C2)
# Emoji: lowercase hex codepoints joined by "-", without fe0f (the Noto Emoji file naming,
#        e.g. 1f9d1-200d-1f373 -> emoji_u1f9d1_200d_1f373.svg). Source: Noto Emoji (Apache-2.0).
# SVG:   name of an owner-drawn file in tools/authoring/images/<name>.svg (used when no emoji fits).
# Exactly one of the two is filled. One image per word; never the same image for two words.
# animals
dog|1f415|
puppy|1f436|
cat|1f408|
kitten|1f431|
elephant|1f418|
tiger|1f405|
monkey|1f412|
bird|1f426|
butterfly|1f98b|
turtle|1f422|
rabbit|1f407|
hamster|1f439|
dragon|1f409|
feather|1fab6|
horse|1f40e|
mouse|1f401|
pig|1f416|
cow|1f404|
bull|1f402|
bat|1f987|
whale|1f40b|
pigeon|1f54a|
lion|1f981|
camel|1f42a|
frog|1f438|
rat|1f400|
caterpillar|1f41b|
shark|1f988|
deer|1f98c|
ant|1f41c|
peacock|1f99a|
worm|1fab1|
bee|1f41d|
spider|1f577|
snake|1f40d|
lizard|1f98e|
crocodile|1f40a|
octopus|1f419|
crab|1f980|
shrimp|1f990|
penguin|1f427|
eagle|1f985|
owl|1f989|
parrot|1f99c|
swan|1f9a2|
rooster|1f413|
goat|1f410|
sheep|1f411|
donkey|1facf|
zebra|1f993|
giraffe|1f992|
rhinoceros|1f98f|
hippopotamus|1f99b|
kangaroo|1f998|
panda|1f43c|
wolf|1f43a|
shell|1f41a|
wing|1fabd|
pet|1f43e|
# food and drink
rice|1f35a|
noodles|1f35c|
vegetable|1f96c|
breakfast|1f373|
snack|1f37f|
meal|1f37d|
wine|1f377|
cake|1f370|
cheese|1f9c0|
potato|1f954|
grain|1f33e|
bean|1fad8|
soup|1f963|
juice|1f9c3|
candy|1f36c|
tomato|1f345|
olive|1fad2|
latte|2615|
coconut|1f965|
peanuts|1f95c|
melon|1f348|
mushroom|1f344|
stew|1f372|
pancake|1f95e|
apple|1f34e|
orange|1f34a|
mango|1f96d|
grape|1f347|
pineapple|1f34d|
watermelon|1f349|
peach|1f351|
pear|1f350|
cherry|1f352|
avocado|1f951|
kiwi|1f95d|
lemon|1f34b|
blueberry|1fad0|
beer|1f37a|
chocolate|1f36b|
bread|1f35e|
milk|1f95b|
egg|1f95a|
meat|1f356|
fish|1f41f|
chicken|1f357|
tea|1f375|
salt|1f9c2|
dessert|1f368|
beverage|1f964|
plum||plum
papaya||papaya
guava||guava
lime||lime
grapefruit||grapefruit
pomegranate||pomegranate
apricot||apricot
raspberry||raspberry
cranberry||cranberry
mulberry||mulberry
passion_fruit||passion_fruit
star_fruit||star_fruit
dragon_fruit||dragon_fruit
# home and household
house|1f3e0|
home|1f3e1|
door|1f6aa|
window|1fa9f|
chair|1fa91|
bed|1f6cf|
soap|1f9fc|
toothbrush|1faa5|
mirror|1fa9e|
key|1f511|
bag|1f45c|
pencil|270f|
notebook|1f4d3|
paper|1f4c4|
glass|1f943|
spoon|1f944|
fork|1f374|
knife|1f52a|
water|1f4a7|
clock|1f570|
alarm|23f0|
fire|1f525|
plug|1f50c|
basket|1f9fa|
ladder|1fa9c|
box|1f4e6|
hammer|1f528|
toilet|1f6bd|
couch|1f6cb|
bucket|1faa3|
ruler|1f4cf|
camera|1f4f7|
bicycle|1f6b2|
scooter|1f6f5|
airplane|2708|
broom|1f9f9|
glove|1f9e4|
television|1f4fa|
shower|1f6bf|
bin|1f5d1|
bell|1f514|
hook|1fa9d|
brick|1f9f1|
bath|1f6c1|
table||table
pillow||pillow
blanket||blanket
towel||towel
toothpaste||toothpaste
wallet||wallet
cup||cup
plate||plate
bowl||bowl
bottle||bottle
lamp||lamp
fridge||fridge
shelf||shelf
drawer||drawer
curtain||curtain
stool||stool
socket||socket
iron||iron
tray||tray
# clothes
shirt|1f455|
jeans|1f456|
dress|1f457|
coat|1f9e5|
hat|1f452|
scarf|1f9e3|
glasses|1f453|
sock|1f9e6|
cap|1f9e2|
needle|1faa1|
ribbon|1f380|
shoe|1f45e|
boot|1f462|
purse|1f45b|
sneakers|1f45f|
skirt||skirt
jacket||jacket
belt||belt
button||button
zipper||zipper
raincoat||raincoat
# body
ear|1f442|
eye|1f441|
nose|1f443|
mouth|1f444|
tooth|1f9b7|
tongue|1f445|
hand|270b|
foot|1f9b6|
leg|1f9b5|
arm|1f4aa|
finger|261d|
brain|1f9e0|
heart|2764|
bone|1f9b4|
skull|1f480|
blood|1fa78|
fist|270a|
# transport and city
car|1f697|
train|1f686|
bus|1f68c|
ship|1f6a2|
plane|1f6eb|
truck|1f69a|
van|1f690|
subway|1f687|
ambulance|1f691|
taxi|1f695|
boat|26f5|
motorbike|1f3cd|
railway|1f6e4|
station|1f689|
wheel|1f6de|
rocket|1f680|
traffic_light|1f6a6|
bridge|1f309|
hospital|1f3e5|
church|26ea|
police|1f46e|
helmet||helmet
# nature and weather
tree|1f333|
flower|1f33c|
rose|1f339|
leaf|1f343|
mountain|26f0|
wave|1f30a|
island|1f3dd|
desert|1f3dc|
volcano|1f30b|
sun|2600|
moon|1f319|
star|2b50|
cloud|2601|
rain|1f327|
snowfall|1f328|
storm|26c8|
thunder|26a1|
tornado|1f32a|
fog|1f32b|
wind|1f32c|
umbrella|2602|
sunrise|1f305|
sunset|1f307|
rock|1faa8|
wood|1fab5|
earth|1f30d|
beach|1f3d6|
palm|1f334|
drizzle|1f326|
seed||seed
# school and study
pen|1f58a|
book|1f4d6|
backpack|1f392|
crayon|1f58d|
scissors|2702|
teacher|1f9d1-200d-1f3eb|
student|1f9d1-200d-1f393|
school|1f3eb|
textbook|1f4da|
page|1f4c3|
eraser||eraser
whiteboard||whiteboard
desk||desk
# people and jobs
doctor|1f9d1-200d-2695|
farmer|1f9d1-200d-1f33e|
chef|1f9d1-200d-1f373|
pilot|1f9d1-200d-2708|
singer|1f9d1-200d-1f3a4|
artist|1f9d1-200d-1f3a8|
scientist|1f9d1-200d-1f52c|
baby|1f476|
boy|1f466|
girl|1f467|
man|1f468|
family|1f46a|
grandmother|1f475|
# health
medicine|1f48a|
fever|1f912|
injury|1fa79|
headache|1f915|
cigarette|1f6ac|
# technology
computer|1f4bb|
keyboard|2328|
phone|1f4f1|
telephone|260e|
headphones|1f3a7|
printer|1f5a8|
email|1f4e7|
robot|1f916|
# arts, sport, money, travel, office
guitar|1f3b8|
piano|1f3b9|
music|1f3b5|
song|1f3b6|
movie|1f3ac|
ticket|1f39f|
picture|1f5bc|
drama|1f3ad|
magic|1fa84|
puzzle|1f9e9|
game|1f3ae|
football|26bd|
tennis|1f3be|
badminton|1f3f8|
golf|26f3|
prize|1f3c6|
stadium|1f3df|
race|1f3c1|
money|1f4b0|
cash|1f4b5|
credit_card|1f4b3|
bank|1f3e6|
dollar|1f4b2|
pound|1f4b7|
store|1f3ea|
shopping_mall|1f3ec|
label|1f3f7|
hotel|1f3e8|
luggage|1f9f3|
map|1f5fa|
tent|26fa|
castle|1f3f0|
envelope|2709|
schedule|1f4c5|
mail|1f4ec|
crystal|1f48e|
